-- phpMyAdmin SQL Dump
-- version 5.0.2
-- https://www.phpmyadmin.net/
--
-- Host: 127.0.0.1:3306
-- Generation Time: Nov 27, 2021 at 04:54 PM
-- Server version: 5.7.31
-- PHP Version: 7.3.21

SET SQL_MODE = "NO_AUTO_VALUE_ON_ZERO";
START TRANSACTION;
SET time_zone = "+00:00";


/*!40101 SET @OLD_CHARACTER_SET_CLIENT=@@CHARACTER_SET_CLIENT */;
/*!40101 SET @OLD_CHARACTER_SET_RESULTS=@@CHARACTER_SET_RESULTS */;
/*!40101 SET @OLD_COLLATION_CONNECTION=@@COLLATION_CONNECTION */;
/*!40101 SET NAMES utf8mb4 */;

--
-- Database: `ci_dev`
--

-- --------------------------------------------------------

--
-- Table structure for table `casinos`
--

DROP TABLE IF EXISTS `casinos`;
CREATE TABLE IF NOT EXISTS `casinos` (
  `id` int(11) NOT NULL AUTO_INCREMENT,
  `name` varchar(60) NOT NULL,
  `underlying_casino` varchar(250) NOT NULL,
  `thumbnail` varchar(180) NOT NULL,
  PRIMARY KEY (`id`),
  UNIQUE KEY `name` (`name`)
) ENGINE=MyISAM AUTO_INCREMENT=15 DEFAULT CHARSET=latin1;

--
-- Dumping data for table `casinos`
--

INSERT INTO `casinos` (`id`, `name`, `underlying_casino`, `thumbnail`) VALUES
(3, 'betrivers', 'Rivers Casino Philadelphia', 'betrivers.png'),
(4, 'fandual', 'Valley Forge Casino', 'fandual.png'),
(5, 'betmgm', 'Hollywood Casino Pen National Race Course', 'betmgm.png'),
(6, 'unibet', 'Mohegan Sun Pocono', 'unibet.png'),
(7, 'hollywood', 'Hollywood Casino Pen National Race Course', 'hollywood.png'),
(8, 'playsugarhouse', 'Rivers Casino Philadelphia', 'playsugarhouse.png'),
(9, 'borgata', 'Rivers Casino Philadelphia', 'borgata.png'),
(10, 'twinspires', 'Presque Isle Downs & Casino', 'twinspires.png'),
(11, 'draftkings', 'Hollywood Casino Pen National Race Course', 'draftkings.png'),
(12, 'pokerstars', 'Mont Airy Casino', 'pokerstars.png'),
(13, 'caesars', 'Harrahs Philadelphia Casino', 'caesars.png'),
(14, 'betway', 'Live Casino Philadelphia', 'betway.png');

-- --------------------------------------------------------

--
-- Table structure for table `casino_games_available`
--

DROP TABLE IF EXISTS `casino_games_available`;
CREATE TABLE IF NOT EXISTS `casino_games_available` (
  `id` int(11) NOT NULL AUTO_INCREMENT,
  `casino_id` int(11) NOT NULL,
  `game_id` int(11) NOT NULL,
  PRIMARY KEY (`id`),
  UNIQUE KEY `casino_id` (`casino_id`,`game_id`)
) ENGINE=MyISAM AUTO_INCREMENT=58 DEFAULT CHARSET=latin1 COLLATE=latin1_general_ci;

--
-- Dumping data for table `casino_games_available`
--

INSERT INTO `casino_games_available` (`id`, `casino_id`, `game_id`) VALUES
(1, 13, 7),
(2, 13, 6),
(3, 13, 1),
(4, 3, 1),
(5, 3, 2),
(6, 3, 7),
(7, 3, 3),
(8, 3, 5),
(9, 3, 4),
(10, 3, 6),
(11, 8, 3),
(12, 8, 7),
(13, 8, 5),
(14, 8, 4),
(15, 8, 6),
(16, 8, 1),
(17, 8, 2),
(18, 9, 16),
(19, 9, 17),
(20, 9, 3),
(21, 9, 4),
(22, 9, 5),
(23, 9, 8),
(24, 9, 1),
(25, 9, 2),
(26, 9, 7),
(27, 9, 6),
(28, 6, 1),
(29, 6, 2),
(30, 6, 7),
(31, 6, 3),
(32, 4, 1),
(33, 4, 2),
(34, 4, 7),
(35, 4, 4),
(36, 4, 5),
(37, 4, 8),
(38, 4, 3),
(39, 11, 4),
(40, 11, 5),
(41, 5, 1),
(42, 5, 2),
(43, 5, 7),
(44, 5, 4),
(45, 5, 5),
(46, 5, 8),
(47, 5, 17),
(48, 5, 16),
(49, 14, 29),
(50, 14, 30),
(51, 14, 7),
(52, 10, 1),
(53, 10, 2),
(54, 10, 7),
(55, 10, 3),
(56, 10, 5),
(57, 10, 8);

-- --------------------------------------------------------

--
-- Table structure for table `casino_states_available`
--

DROP TABLE IF EXISTS `casino_states_available`;
CREATE TABLE IF NOT EXISTS `casino_states_available` (
  `id` int(11) NOT NULL AUTO_INCREMENT,
  `casino_id` int(11) NOT NULL,
  `website` varchar(350) COLLATE latin1_general_ci NOT NULL,
  `state` varchar(4) COLLATE latin1_general_ci NOT NULL,
  PRIMARY KEY (`id`)
) ENGINE=MyISAM AUTO_INCREMENT=13 DEFAULT CHARSET=latin1 COLLATE=latin1_general_ci;

--
-- Dumping data for table `casino_states_available`
--

INSERT INTO `casino_states_available` (`id`, `casino_id`, `website`, `state`) VALUES
(1, 3, 'pa.betrivers.com', 'PA'),
(2, 4, 'account.pa.casino.fanduel.com/join', 'PA'),
(3, 5, 'promo.pa.betmgm.com/en/promo/casino/deposit-welcome-offer?', 'PA'),
(4, 6, 'welcome.unibet.com/pa/casino/live-dealers/index.html?', 'PA'),
(5, 7, 'www.hollywoodpnrc.com/', 'PA'),
(6, 8, 'pa.playsugarhouse.com/?page=landing&l=RiversPhiladelphia#home', 'PA'),
(7, 9, 'promo.pa.borgataonline.com/en/promo/casino/welcome-offer?', 'PA'),
(8, 10, 'casino.twinspires.com/ppc/casino/mi/play-500/?', 'PA'),
(9, 11, 'casino.draftkings.com/pa-online-casino?', 'PA'),
(10, 12, 'casino.starsmtairycasino.com/', 'PA'),
(11, 13, 'pa.caesarsonline.com/p/ccsb-get2021-new/exclusive/?', 'PA'),
(12, 14, 'https://pa.betway.com/', 'PA');

-- --------------------------------------------------------

--
-- Table structure for table `ci_sessions`
--

DROP TABLE IF EXISTS `ci_sessions`;
CREATE TABLE IF NOT EXISTS `ci_sessions` (
  `session_id` varchar(40) NOT NULL DEFAULT '0',
  `ip_address` varchar(45) NOT NULL DEFAULT '0',
  `user_agent` varchar(120) NOT NULL,
  `last_activity` int(10) UNSIGNED NOT NULL DEFAULT '0',
  `user_data` text NOT NULL,
  PRIMARY KEY (`session_id`),
  KEY `last_activity_idx` (`last_activity`)
) ENGINE=InnoDB DEFAULT CHARSET=latin1;

-- --------------------------------------------------------

--
-- Table structure for table `data`
--

DROP TABLE IF EXISTS `data`;
CREATE TABLE IF NOT EXISTS `data` (
  `id` int(11) NOT NULL AUTO_INCREMENT,
  `data` json NOT NULL,
  `user_id` int(11) NOT NULL,
  `timestamp` timestamp NOT NULL,
  PRIMARY KEY (`id`)
) ENGINE=MyISAM DEFAULT CHARSET=latin1;

-- --------------------------------------------------------

--
-- Table structure for table `fileuploads`
--

DROP TABLE IF EXISTS `fileuploads`;
CREATE TABLE IF NOT EXISTS `fileuploads` (
  `id` int(10) UNSIGNED NOT NULL AUTO_INCREMENT,
  `file_name` varchar(120) NOT NULL,
  `client_name` varchar(120) NOT NULL,
  `file_type` varchar(15) NOT NULL,
  `file_size` float(10,3) UNSIGNED NOT NULL,
  `params` varchar(256) NOT NULL,
  PRIMARY KEY (`id`)
) ENGINE=InnoDB DEFAULT CHARSET=latin1;

-- --------------------------------------------------------

--
-- Table structure for table `game`
--

DROP TABLE IF EXISTS `game`;
CREATE TABLE IF NOT EXISTS `game` (
  `id` int(11) NOT NULL AUTO_INCREMENT,
  `game_id` int(11) NOT NULL,
  `user_id` int(11) NOT NULL,
  `timestamp` timestamp NOT NULL DEFAULT CURRENT_TIMESTAMP,
  `data` json NOT NULL,
  `win_loss` double NOT NULL,
  `amount_wagered` double NOT NULL,
  `casino_id` int(11) NOT NULL,
  PRIMARY KEY (`id`)
) ENGINE=MyISAM AUTO_INCREMENT=39 DEFAULT CHARSET=latin1;

--
-- Dumping data for table `game`
--

INSERT INTO `game` (`id`, `game_id`, `user_id`, `timestamp`, `data`, `win_loss`, `amount_wagered`, `casino_id`) VALUES
(10, 3, 4, '2021-08-25 09:53:08', '{\"bets\": [[{\"ratio\": 3, \"value\": 0.5, \"affected\": [1, 2, 3, 4, 5, 6, 7, 8, 9, 10, 11, 12], \"numberHit\": 8, \"spinCount\": 20}, {\"ratio\": 3, \"value\": 0.5, \"affected\": [13, 14, 15, 16, 17, 18, 19, 20, 21, 22, 23, 24], \"numberHit\": 8, \"spinCount\": 20}], [{\"ratio\": 3, \"value\": 0.5, \"affected\": [3, 6, 9, 12, 15, 18, 21, 24, 27, 30, 33, 36], \"numberHit\": 15, \"spinCount\": 21}, {\"ratio\": 3, \"value\": 1, \"affected\": [1, 4, 7, 10, 13, 16, 19, 22, 25, 28, 31, 34], \"numberHit\": 15, \"spinCount\": 21}], [{\"ratio\": 3, \"value\": 0.5, \"affected\": [3, 6, 9, 12, 15, 18, 21, 24, 27, 30, 33, 36], \"numberHit\": 30, \"spinCount\": 22}, {\"ratio\": 3, \"value\": 0.5, \"affected\": [1, 4, 7, 10, 13, 16, 19, 22, 25, 28, 31, 34], \"numberHit\": 30, \"spinCount\": 22}], [{\"ratio\": 3, \"value\": 0.5, \"affected\": [2, 5, 8, 11, 14, 17, 20, 23, 26, 29, 32, 35], \"numberHit\": 4, \"spinCount\": 23}, {\"ratio\": 3, \"value\": 0.5, \"affected\": [1, 4, 7, 10, 13, 16, 19, 22, 25, 28, 31, 34], \"numberHit\": 4, \"spinCount\": 23}], [{\"ratio\": 3, \"value\": 0.5, \"affected\": [3, 6, 9, 12, 15, 18, 21, 24, 27, 30, 33, 36], \"numberHit\": 37, \"spinCount\": 24}, {\"ratio\": 3, \"value\": 0.5, \"affected\": [2, 5, 8, 11, 14, 17, 20, 23, 26, 29, 32, 35], \"numberHit\": 37, \"spinCount\": 24}], [{\"ratio\": 3, \"value\": 1.5, \"affected\": [3, 6, 9, 12, 15, 18, 21, 24, 27, 30, 33, 36], \"numberHit\": 19, \"spinCount\": 25}, {\"ratio\": 3, \"value\": 1.5, \"affected\": [2, 5, 8, 11, 14, 17, 20, 23, 26, 29, 32, 35], \"numberHit\": 19, \"spinCount\": 25}], [{\"ratio\": 3, \"value\": 6, \"affected\": [3, 6, 9, 12, 15, 18, 21, 24, 27, 30, 33, 36], \"numberHit\": 2, \"spinCount\": 26}, {\"ratio\": 3, \"value\": 6, \"affected\": [2, 5, 8, 11, 14, 17, 20, 23, 26, 29, 32, 35], \"numberHit\": 2, \"spinCount\": 26}], [{\"ratio\": 3, \"value\": 0.5, \"affected\": [13, 14, 15, 16, 17, 18, 19, 20, 21, 22, 23, 24], \"numberHit\": 19, \"spinCount\": 28}, {\"ratio\": 3, \"value\": 0.5, \"affected\": [25, 26, 27, 28, 29, 30, 31, 32, 33, 34, 35, 36], \"numberHit\": 19, \"spinCount\": 28}]], \"nums\": [3, 32, 24, 4, 23, 21, 16, 8, 17, 18, 17, 34, 29, 36, 19, 7, 5, 8, 29, 8, 15, 30, 4, 37, 19, 2, 3, 19]}', 4, 22, 3),
(11, 1, 4, '2021-08-26 09:53:08', '{\"bets\": [[{\"ratio\": 2, \"value\": 0.1, \"affected\": [1, 3, 5, 7, 9, 12, 14, 16, 18, 19, 21, 23, 25, 27, 30, 32, 34, 36], \"numberHit\": 15, \"spinCount\": 7}], [{\"ratio\": 2, \"value\": 0.2, \"affected\": [1, 3, 5, 7, 9, 12, 14, 16, 18, 19, 21, 23, 25, 27, 30, 32, 34, 36], \"numberHit\": 23, \"spinCount\": 8}], [{\"ratio\": 3, \"value\": 0.5, \"affected\": [13, 14, 15, 16, 17, 18, 19, 20, 21, 22, 23, 24], \"numberHit\": 20, \"spinCount\": 11}, {\"ratio\": 3, \"value\": 0.5, \"affected\": [25, 26, 27, 28, 29, 30, 31, 32, 33, 34, 35, 36], \"numberHit\": 20, \"spinCount\": 11}], [{\"ratio\": 3, \"value\": 0.5, \"affected\": [1, 2, 3, 4, 5, 6, 7, 8, 9, 10, 11, 12], \"numberHit\": 1, \"spinCount\": 12}, {\"ratio\": 3, \"value\": 0.5, \"affected\": [25, 26, 27, 28, 29, 30, 31, 32, 33, 34, 35, 36], \"numberHit\": 1, \"spinCount\": 12}], [{\"ratio\": 3, \"value\": 0.5, \"affected\": [13, 14, 15, 16, 17, 18, 19, 20, 21, 22, 23, 24], \"numberHit\": 30, \"spinCount\": 13}, {\"ratio\": 3, \"value\": 0.5, \"affected\": [25, 26, 27, 28, 29, 30, 31, 32, 33, 34, 35, 36], \"numberHit\": 30, \"spinCount\": 13}], [{\"ratio\": 3, \"value\": 0.5, \"affected\": [3, 6, 9, 12, 15, 18, 21, 24, 27, 30, 33, 36], \"numberHit\": 26, \"spinCount\": 15}, {\"ratio\": 3, \"value\": 0.5, \"affected\": [2, 5, 8, 11, 14, 17, 20, 23, 26, 29, 32, 35], \"numberHit\": 26, \"spinCount\": 15}], [{\"ratio\": 3, \"value\": 0.5, \"affected\": [1, 2, 3, 4, 5, 6, 7, 8, 9, 10, 11, 12], \"numberHit\": 20, \"spinCount\": 16}, {\"ratio\": 3, \"value\": 0.5, \"affected\": [13, 14, 15, 16, 17, 18, 19, 20, 21, 22, 23, 24], \"numberHit\": 20, \"spinCount\": 16}], [{\"ratio\": 2, \"value\": 0.5, \"affected\": [1, 3, 5, 7, 9, 11, 13, 15, 17, 19, 21, 23, 25, 27, 29, 31, 33, 35], \"numberHit\": 33, \"spinCount\": 18}, {\"ratio\": 2, \"value\": 0.5, \"affected\": [1, 2, 3, 4, 5, 6, 7, 8, 9, 10, 11, 12, 13, 14, 15, 16, 17, 18], \"numberHit\": 33, \"spinCount\": 18}]], \"nums\": [5, 7, 26, 2, 22, 31, 15, 23, 2, 4, 20, 1, 30, 22, 26, 20, 0, 33]}', 2.6, 6.3, 3),
(12, 1, 4, '2021-08-27 09:53:08', '{\"bets\": [[{\"ratio\": 3, \"value\": 0.5, \"affected\": [3, 6, 9, 12, 15, 18, 21, 24, 27, 30, 33, 36], \"numberHit\": 3, \"spinCount\": 13}, {\"ratio\": 3, \"value\": 0.5, \"affected\": [2, 5, 8, 11, 14, 17, 20, 23, 26, 29, 32, 35], \"numberHit\": 3, \"spinCount\": 13}], [{\"ratio\": 3, \"value\": 0.5, \"affected\": [2, 5, 8, 11, 14, 17, 20, 23, 26, 29, 32, 35], \"numberHit\": 13, \"spinCount\": 14}, {\"ratio\": 3, \"value\": 0.5, \"affected\": [1, 4, 7, 10, 13, 16, 19, 22, 25, 28, 31, 34], \"numberHit\": 13, \"spinCount\": 14}], [{\"ratio\": 3, \"value\": 0.5, \"affected\": [2, 5, 8, 11, 14, 17, 20, 23, 26, 29, 32, 35], \"numberHit\": 21, \"spinCount\": 15}, {\"ratio\": 3, \"value\": 0.5, \"affected\": [1, 4, 7, 10, 13, 16, 19, 22, 25, 28, 31, 34], \"numberHit\": 21, \"spinCount\": 15}], [{\"ratio\": 3, \"value\": 1.5, \"affected\": [2, 5, 8, 11, 14, 17, 20, 23, 26, 29, 32, 35], \"numberHit\": 33, \"spinCount\": 16}, {\"ratio\": 3, \"value\": 1.5, \"affected\": [1, 4, 7, 10, 13, 16, 19, 22, 25, 28, 31, 34], \"numberHit\": 33, \"spinCount\": 16}]], \"nums\": [5, 9, 29, 18, 12, 14, 4, 29, 10, 16, 28, 13, 3, 13, 21, 33]}', -3, 6, 3),
(13, 1, 4, '2021-08-24 09:53:08', '{\"bets\": [[{\"ratio\": 2, \"value\": 0.5, \"affected\": [1, 3, 5, 7, 9, 12, 14, 16, 18, 19, 21, 23, 25, 27, 30, 32, 34, 36], \"numberHit\": 7, \"spinCount\": 9}], [{\"ratio\": 2, \"value\": 0.5, \"affected\": [2, 4, 6, 8, 10, 12, 14, 16, 18, 20, 22, 24, 26, 28, 30, 32, 34, 36], \"numberHit\": 2, \"spinCount\": 10}], [{\"ratio\": 3, \"value\": 0.5, \"affected\": [13, 14, 15, 16, 17, 18, 19, 20, 21, 22, 23, 24], \"numberHit\": 19, \"spinCount\": 11}, {\"ratio\": 3, \"value\": 0.5, \"affected\": [25, 26, 27, 28, 29, 30, 31, 32, 33, 34, 35, 36], \"numberHit\": 19, \"spinCount\": 11}], [{\"ratio\": 3, \"value\": 0.5, \"affected\": [3, 6, 9, 12, 15, 18, 21, 24, 27, 30, 33, 36], \"numberHit\": 1, \"spinCount\": 12}, {\"ratio\": 3, \"value\": 0.5, \"affected\": [2, 5, 8, 11, 14, 17, 20, 23, 26, 29, 32, 35], \"numberHit\": 1, \"spinCount\": 12}], [{\"ratio\": 3, \"value\": 1.5, \"affected\": [3, 6, 9, 12, 15, 18, 21, 24, 27, 30, 33, 36], \"numberHit\": 10, \"spinCount\": 13}, {\"ratio\": 3, \"value\": 1.5, \"affected\": [2, 5, 8, 11, 14, 17, 20, 23, 26, 29, 32, 35], \"numberHit\": 10, \"spinCount\": 13}], [{\"ratio\": 3, \"value\": 5, \"affected\": [3, 6, 9, 12, 15, 18, 21, 24, 27, 30, 33, 36], \"numberHit\": 19, \"spinCount\": 14}, {\"ratio\": 3, \"value\": 5, \"affected\": [2, 5, 8, 11, 14, 17, 20, 23, 26, 29, 32, 35], \"numberHit\": 19, \"spinCount\": 14}], [{\"ratio\": 3, \"value\": 15, \"affected\": [3, 6, 9, 12, 15, 18, 21, 24, 27, 30, 33, 36], \"numberHit\": 18, \"spinCount\": 15}, {\"ratio\": 3, \"value\": 15, \"affected\": [2, 5, 8, 11, 14, 17, 20, 23, 26, 29, 32, 35], \"numberHit\": 18, \"spinCount\": 15}], [{\"ratio\": 3, \"value\": 0.5, \"affected\": [1, 2, 3, 4, 5, 6, 7, 8, 9, 10, 11, 12], \"numberHit\": 5, \"spinCount\": 16}, {\"ratio\": 3, \"value\": 0.5, \"affected\": [25, 26, 27, 28, 29, 30, 31, 32, 33, 34, 35, 36], \"numberHit\": 5, \"spinCount\": 16}], [{\"ratio\": 3, \"value\": 0.5, \"affected\": [13, 14, 15, 16, 17, 18, 19, 20, 21, 22, 23, 24], \"numberHit\": 2, \"spinCount\": 17}, {\"ratio\": 3, \"value\": 0.5, \"affected\": [25, 26, 27, 28, 29, 30, 31, 32, 33, 34, 35, 36], \"numberHit\": 2, \"spinCount\": 17}], [{\"ratio\": 3, \"value\": 1.5, \"affected\": [13, 14, 15, 16, 17, 18, 19, 20, 21, 22, 23, 24], \"numberHit\": 19, \"spinCount\": 18}, {\"ratio\": 3, \"value\": 1.5, \"affected\": [25, 26, 27, 28, 29, 30, 31, 32, 33, 34, 35, 36], \"numberHit\": 19, \"spinCount\": 18}], [{\"ratio\": 3, \"value\": 2.5, \"affected\": [13, 14, 15, 16, 17, 18, 19, 20, 21, 22, 23, 24], \"numberHit\": 26, \"spinCount\": 19}, {\"ratio\": 3, \"value\": 2, \"affected\": [25, 26, 27, 28, 29, 30, 31, 32, 33, 34, 35, 36], \"numberHit\": 26, \"spinCount\": 19}]], \"nums\": [28, 24, 27, 2, 33, 13, 35, 29, 7, 2, 19, 1, 10, 19, 18, 5, 2, 19, 26]}', 5, 56, 3),
(14, 1, 4, '2021-08-23 09:53:08', '{\"bets\": [[{\"ratio\": 3, \"value\": 0.5, \"affected\": [3, 6, 9, 12, 15, 18, 21, 24, 27, 30, 33, 36], \"numberHit\": 9, \"spinCount\": 22}, {\"ratio\": 3, \"value\": 0.5, \"affected\": [2, 5, 8, 11, 14, 17, 20, 23, 26, 29, 32, 35], \"numberHit\": 9, \"spinCount\": 22}], [{\"ratio\": 3, \"value\": 0.5, \"affected\": [2, 5, 8, 11, 14, 17, 20, 23, 26, 29, 32, 35], \"numberHit\": 20, \"spinCount\": 23}, {\"ratio\": 3, \"value\": 0.5, \"affected\": [1, 4, 7, 10, 13, 16, 19, 22, 25, 28, 31, 34], \"numberHit\": 20, \"spinCount\": 23}], [{\"ratio\": 3, \"value\": 0.5, \"affected\": [3, 6, 9, 12, 15, 18, 21, 24, 27, 30, 33, 36], \"numberHit\": 18, \"spinCount\": 26}, {\"ratio\": 3, \"value\": 0.5, \"affected\": [1, 4, 7, 10, 13, 16, 19, 22, 25, 28, 31, 34], \"numberHit\": 18, \"spinCount\": 26}], [{\"ratio\": 3, \"value\": 0.5, \"affected\": [13, 14, 15, 16, 17, 18, 19, 20, 21, 22, 23, 24], \"numberHit\": 14, \"spinCount\": 28}, {\"ratio\": 3, \"value\": 0.5, \"affected\": [25, 26, 27, 28, 29, 30, 31, 32, 33, 34, 35, 36], \"numberHit\": 14, \"spinCount\": 28}], [{\"ratio\": 2, \"value\": 0.5, \"affected\": [19, 20, 21, 22, 23, 24, 25, 26, 27, 28, 29, 30, 31, 32, 33, 34, 35, 36], \"numberHit\": 1, \"spinCount\": 29}], [{\"ratio\": 3, \"value\": 0.5, \"affected\": [13, 14, 15, 16, 17, 18, 19, 20, 21, 22, 23, 24], \"numberHit\": 11, \"spinCount\": 30}, {\"ratio\": 3, \"value\": 0.5, \"affected\": [25, 26, 27, 28, 29, 30, 31, 32, 33, 34, 35, 36], \"numberHit\": 11, \"spinCount\": 30}], [{\"ratio\": 3, \"value\": 1.5, \"affected\": [13, 14, 15, 16, 17, 18, 19, 20, 21, 22, 23, 24], \"numberHit\": 7, \"spinCount\": 31}, {\"ratio\": 3, \"value\": 1.5, \"affected\": [25, 26, 27, 28, 29, 30, 31, 32, 33, 34, 35, 36], \"numberHit\": 7, \"spinCount\": 31}], [{\"ratio\": 3, \"value\": 4.5, \"affected\": [13, 14, 15, 16, 17, 18, 19, 20, 21, 22, 23, 24], \"numberHit\": 35, \"spinCount\": 32}, {\"ratio\": 3, \"value\": 4.5, \"affected\": [25, 26, 27, 28, 29, 30, 31, 32, 33, 34, 35, 36], \"numberHit\": 35, \"spinCount\": 32}], [{\"ratio\": 3, \"value\": 0.5, \"affected\": [3, 6, 9, 12, 15, 18, 21, 24, 27, 30, 33, 36], \"numberHit\": 33, \"spinCount\": 34}, {\"ratio\": 3, \"value\": 0.5, \"affected\": [2, 5, 8, 11, 14, 17, 20, 23, 26, 29, 32, 35], \"numberHit\": 33, \"spinCount\": 34}], [{\"ratio\": 3, \"value\": 0.5, \"affected\": [1, 2, 3, 4, 5, 6, 7, 8, 9, 10, 11, 12], \"numberHit\": 30, \"spinCount\": 36}, {\"ratio\": 3, \"value\": 0.5, \"affected\": [13, 14, 15, 16, 17, 18, 19, 20, 21, 22, 23, 24], \"numberHit\": 30, \"spinCount\": 36}], [{\"ratio\": 3, \"value\": 1.5, \"affected\": [1, 2, 3, 4, 5, 6, 7, 8, 9, 10, 11, 12], \"numberHit\": 34, \"spinCount\": 37}, {\"ratio\": 3, \"value\": 1.5, \"affected\": [13, 14, 15, 16, 17, 18, 19, 20, 21, 22, 23, 24], \"numberHit\": 34, \"spinCount\": 37}], [{\"ratio\": 3, \"value\": 3, \"affected\": [1, 2, 3, 4, 5, 6, 7, 8, 9, 10, 11, 12], \"numberHit\": 0, \"spinCount\": 39}, {\"ratio\": 3, \"value\": 3, \"affected\": [13, 14, 15, 16, 17, 18, 19, 20, 21, 22, 23, 24], \"numberHit\": 0, \"spinCount\": 39}], [{\"ratio\": 3, \"value\": 40.5, \"affected\": [1, 2, 3, 4, 5, 6, 7, 8, 9, 10, 11, 12], \"numberHit\": 8, \"spinCount\": 40}, {\"ratio\": 3, \"value\": 40.5, \"affected\": [13, 14, 15, 16, 17, 18, 19, 20, 21, 22, 23, 24], \"numberHit\": 8, \"spinCount\": 40}]], \"nums\": [13, 35, 29, 7, 2, 19, 1, 10, 19, 18, 5, 2, 19, 17, 26, 35, 3, 18, 7, 16, 28, 9, 20, 8, 5, 18, 1, 14, 1, 11, 7, 35, 16, 33, 0, 30, 34, 36, 0, 8, 8]}', 33, 110, 3),
(15, 1, 4, '2021-08-22 09:53:08', '{\"bets\": [[{\"ratio\": 3, \"value\": 0.5, \"affected\": [1, 2, 3, 4, 5, 6, 7, 8, 9, 10, 11, 12], \"numberHit\": 33, \"spinCount\": 11}, {\"ratio\": 3, \"value\": 0.5, \"affected\": [25, 26, 27, 28, 29, 30, 31, 32, 33, 34, 35, 36], \"numberHit\": 33, \"spinCount\": 11}], [{\"ratio\": 3, \"value\": 0.5, \"affected\": [1, 2, 3, 4, 5, 6, 7, 8, 9, 10, 11, 12], \"numberHit\": 21, \"spinCount\": 12}, {\"ratio\": 3, \"value\": 0.5, \"affected\": [13, 14, 15, 16, 17, 18, 19, 20, 21, 22, 23, 24], \"numberHit\": 21, \"spinCount\": 12}], [{\"ratio\": 3, \"value\": 0.5, \"affected\": [1, 2, 3, 4, 5, 6, 7, 8, 9, 10, 11, 12], \"numberHit\": 35, \"spinCount\": 13}, {\"ratio\": 3, \"value\": 0.5, \"affected\": [25, 26, 27, 28, 29, 30, 31, 32, 33, 34, 35, 36], \"numberHit\": 35, \"spinCount\": 13}], [{\"ratio\": 3, \"value\": 0.5, \"affected\": [1, 2, 3, 4, 5, 6, 7, 8, 9, 10, 11, 12], \"numberHit\": 25, \"spinCount\": 14}, {\"ratio\": 3, \"value\": 0.5, \"affected\": [13, 14, 15, 16, 17, 18, 19, 20, 21, 22, 23, 24], \"numberHit\": 25, \"spinCount\": 14}], [{\"ratio\": 3, \"value\": 1.5, \"affected\": [1, 2, 3, 4, 5, 6, 7, 8, 9, 10, 11, 12], \"numberHit\": 34, \"spinCount\": 15}, {\"ratio\": 3, \"value\": 1.5, \"affected\": [13, 14, 15, 16, 17, 18, 19, 20, 21, 22, 23, 24], \"numberHit\": 34, \"spinCount\": 15}], [{\"ratio\": 3, \"value\": 4.5, \"affected\": [1, 2, 3, 4, 5, 6, 7, 8, 9, 10, 11, 12], \"numberHit\": 22, \"spinCount\": 16}, {\"ratio\": 3, \"value\": 4.5, \"affected\": [13, 14, 15, 16, 17, 18, 19, 20, 21, 22, 23, 24], \"numberHit\": 22, \"spinCount\": 16}], [{\"ratio\": 3, \"value\": 5, \"affected\": [1, 2, 3, 4, 5, 6, 7, 8, 9, 10, 11, 12], \"numberHit\": 1, \"spinCount\": 20}], [{\"ratio\": 3, \"value\": 0.5, \"affected\": [3, 6, 9, 12, 15, 18, 21, 24, 27, 30, 33, 36], \"numberHit\": 21, \"spinCount\": 21}, {\"ratio\": 3, \"value\": 0.5, \"affected\": [2, 5, 8, 11, 14, 17, 20, 23, 26, 29, 32, 35], \"numberHit\": 21, \"spinCount\": 21}], [{\"ratio\": 2, \"value\": 0.5, \"affected\": [2, 4, 6, 8, 10, 11, 13, 15, 17, 20, 22, 24, 26, 28, 29, 31, 33, 35], \"numberHit\": 21, \"spinCount\": 23}], [{\"ratio\": 2, \"value\": 1, \"affected\": [2, 4, 6, 8, 10, 11, 13, 15, 17, 20, 22, 24, 26, 28, 29, 31, 33, 35], \"numberHit\": 12, \"spinCount\": 24}], [{\"ratio\": 2, \"value\": 2, \"affected\": [2, 4, 6, 8, 10, 11, 13, 15, 17, 20, 22, 24, 26, 28, 29, 31, 33, 35], \"numberHit\": 29, \"spinCount\": 25}], [{\"ratio\": 2, \"value\": 4, \"affected\": [2, 4, 6, 8, 10, 11, 13, 15, 17, 20, 22, 24, 26, 28, 29, 31, 33, 35], \"numberHit\": 2, \"spinCount\": 26}], [{\"ratio\": 3, \"value\": 0.5, \"affected\": [3, 6, 9, 12, 15, 18, 21, 24, 27, 30, 33, 36], \"numberHit\": 36, \"spinCount\": 27}, {\"ratio\": 3, \"value\": 0.5, \"affected\": [1, 4, 7, 10, 13, 16, 19, 22, 25, 28, 31, 34], \"numberHit\": 36, \"spinCount\": 27}], [{\"ratio\": 3, \"value\": 1.5, \"affected\": [3, 6, 9, 12, 15, 18, 21, 24, 27, 30, 33, 36], \"numberHit\": 20, \"spinCount\": 28}, {\"ratio\": 3, \"value\": 1.5, \"affected\": [1, 4, 7, 10, 13, 16, 19, 22, 25, 28, 31, 34], \"numberHit\": 20, \"spinCount\": 28}], [{\"ratio\": 3, \"value\": 4.5, \"affected\": [3, 6, 9, 12, 15, 18, 21, 24, 27, 30, 33, 36], \"numberHit\": 34, \"spinCount\": 29}, {\"ratio\": 3, \"value\": 4.5, \"affected\": [1, 4, 7, 10, 13, 16, 19, 22, 25, 28, 31, 34], \"numberHit\": 34, \"spinCount\": 29}], [{\"ratio\": 3, \"value\": 1, \"affected\": [3, 6, 9, 12, 15, 18, 21, 24, 27, 30, 33, 36], \"numberHit\": 11, \"spinCount\": 37}, {\"ratio\": 3, \"value\": 1, \"affected\": [2, 5, 8, 11, 14, 17, 20, 23, 26, 29, 32, 35], \"numberHit\": 11, \"spinCount\": 37}], [{\"ratio\": 3, \"value\": 0.5, \"affected\": [1, 2, 3, 4, 5, 6, 7, 8, 9, 10, 11, 12], \"numberHit\": 7, \"spinCount\": 41}, {\"ratio\": 3, \"value\": 0.5, \"affected\": [13, 14, 15, 16, 17, 18, 19, 20, 21, 22, 23, 24], \"numberHit\": 7, \"spinCount\": 41}], [{\"ratio\": 3, \"value\": 0.5, \"affected\": [13, 14, 15, 16, 17, 18, 19, 20, 21, 22, 23, 24], \"numberHit\": 30, \"spinCount\": 42}, {\"ratio\": 3, \"value\": 0.5, \"affected\": [25, 26, 27, 28, 29, 30, 31, 32, 33, 34, 35, 36], \"numberHit\": 30, \"spinCount\": 42}], [{\"ratio\": 3, \"value\": 0.5, \"affected\": [1, 2, 3, 4, 5, 6, 7, 8, 9, 10, 11, 12], \"numberHit\": 6, \"spinCount\": 43}, {\"ratio\": 3, \"value\": 0.5, \"affected\": [13, 14, 15, 16, 17, 18, 19, 20, 21, 22, 23, 24], \"numberHit\": 6, \"spinCount\": 43}], [{\"ratio\": 3, \"value\": 0.5, \"affected\": [13, 14, 15, 16, 17, 18, 19, 20, 21, 22, 23, 24], \"numberHit\": 34, \"spinCount\": 44}, {\"ratio\": 3, \"value\": 0.5, \"affected\": [25, 26, 27, 28, 29, 30, 31, 32, 33, 34, 35, 36], \"numberHit\": 34, \"spinCount\": 44}], [{\"ratio\": 3, \"value\": 0.5, \"affected\": [3, 6, 9, 12, 15, 18, 21, 24, 27, 30, 33, 36], \"numberHit\": 10, \"spinCount\": 49}, {\"ratio\": 3, \"value\": 0.5, \"affected\": [2, 5, 8, 11, 14, 17, 20, 23, 26, 29, 32, 35], \"numberHit\": 10, \"spinCount\": 49}], [{\"ratio\": 3, \"value\": 1.5, \"affected\": [3, 6, 9, 12, 15, 18, 21, 24, 27, 30, 33, 36], \"numberHit\": 17, \"spinCount\": 50}, {\"ratio\": 3, \"value\": 1.5, \"affected\": [2, 5, 8, 11, 14, 17, 20, 23, 26, 29, 32, 35], \"numberHit\": 17, \"spinCount\": 50}], [{\"ratio\": 2, \"value\": 5, \"affected\": [1, 3, 5, 7, 9, 12, 14, 16, 18, 19, 21, 23, 25, 27, 30, 32, 34, 36], \"numberHit\": 29, \"spinCount\": 51}], [{\"ratio\": 2, \"value\": 10, \"affected\": [1, 3, 5, 7, 9, 12, 14, 16, 18, 19, 21, 23, 25, 27, 30, 32, 34, 36], \"numberHit\": 0, \"spinCount\": 52}], [{\"ratio\": 2, \"value\": 20, \"affected\": [1, 3, 5, 7, 9, 12, 14, 16, 18, 19, 21, 23, 25, 27, 30, 32, 34, 36], \"numberHit\": 5, \"spinCount\": 53}], [{\"ratio\": 3, \"value\": 1, \"affected\": [3, 6, 9, 12, 15, 18, 21, 24, 27, 30, 33, 36], \"numberHit\": 6, \"spinCount\": 56}, {\"ratio\": 3, \"value\": 0.5, \"affected\": [2, 5, 8, 11, 14, 17, 20, 23, 26, 29, 32, 35], \"numberHit\": 6, \"spinCount\": 56}], [{\"ratio\": 2, \"value\": 0.5, \"affected\": [2, 4, 6, 8, 10, 12, 14, 16, 18, 20, 22, 24, 26, 28, 30, 32, 34, 36], \"numberHit\": 31, \"spinCount\": 64}], [{\"ratio\": 2, \"value\": 2, \"affected\": [2, 4, 6, 8, 10, 12, 14, 16, 18, 20, 22, 24, 26, 28, 30, 32, 34, 36], \"numberHit\": 13, \"spinCount\": 65}], [{\"ratio\": 2, \"value\": 4, \"affected\": [2, 4, 6, 8, 10, 12, 14, 16, 18, 20, 22, 24, 26, 28, 30, 32, 34, 36], \"numberHit\": 20, \"spinCount\": 66}], [{\"ratio\": 3, \"value\": 0.5, \"affected\": [1, 2, 3, 4, 5, 6, 7, 8, 9, 10, 11, 12], \"numberHit\": 35, \"spinCount\": 70}, {\"ratio\": 3, \"value\": 0.5, \"affected\": [13, 14, 15, 16, 17, 18, 19, 20, 21, 22, 23, 24], \"numberHit\": 35, \"spinCount\": 70}], [{\"ratio\": 3, \"value\": 1.5, \"affected\": [1, 2, 3, 4, 5, 6, 7, 8, 9, 10, 11, 12], \"numberHit\": 23, \"spinCount\": 71}, {\"ratio\": 3, \"value\": 1.5, \"affected\": [13, 14, 15, 16, 17, 18, 19, 20, 21, 22, 23, 24], \"numberHit\": 23, \"spinCount\": 71}], [{\"ratio\": 3, \"value\": 0.5, \"affected\": [1, 2, 3, 4, 5, 6, 7, 8, 9, 10, 11, 12], \"numberHit\": 2, \"spinCount\": 79}, {\"ratio\": 3, \"value\": 0.5, \"affected\": [25, 26, 27, 28, 29, 30, 31, 32, 33, 34, 35, 36], \"numberHit\": 2, \"spinCount\": 79}], [{\"ratio\": 3, \"value\": 0.5, \"affected\": [3, 6, 9, 12, 15, 18, 21, 24, 27, 30, 33, 36], \"numberHit\": 5, \"spinCount\": 82}, {\"ratio\": 3, \"value\": 0.5, \"affected\": [1, 4, 7, 10, 13, 16, 19, 22, 25, 28, 31, 34], \"numberHit\": 5, \"spinCount\": 82}], [{\"ratio\": 3, \"value\": 1.5, \"affected\": [3, 6, 9, 12, 15, 18, 21, 24, 27, 30, 33, 36], \"numberHit\": 14, \"spinCount\": 83}, {\"ratio\": 3, \"value\": 1.5, \"affected\": [1, 4, 7, 10, 13, 16, 19, 22, 25, 28, 31, 34], \"numberHit\": 14, \"spinCount\": 83}], [{\"ratio\": 3, \"value\": 4.5, \"affected\": [3, 6, 9, 12, 15, 18, 21, 24, 27, 30, 33, 36], \"numberHit\": 8, \"spinCount\": 84}, {\"ratio\": 3, \"value\": 4.5, \"affected\": [1, 4, 7, 10, 13, 16, 19, 22, 25, 28, 31, 34], \"numberHit\": 8, \"spinCount\": 84}], [{\"ratio\": 3, \"value\": 13.5, \"affected\": [3, 6, 9, 12, 15, 18, 21, 24, 27, 30, 33, 36], \"numberHit\": 22, \"spinCount\": 85}, {\"ratio\": 3, \"value\": 13.5, \"affected\": [1, 4, 7, 10, 13, 16, 19, 22, 25, 28, 31, 34], \"numberHit\": 22, \"spinCount\": 85}], [{\"ratio\": 3, \"value\": 0.5, \"affected\": [1, 2, 3, 4, 5, 6, 7, 8, 9, 10, 11, 12], \"numberHit\": 22, \"spinCount\": 89}, {\"ratio\": 3, \"value\": 0.5, \"affected\": [13, 14, 15, 16, 17, 18, 19, 20, 21, 22, 23, 24], \"numberHit\": 22, \"spinCount\": 89}]], \"nums\": [36, 0, 11, 0, 21, 14, 30, 36, 33, 13, 33, 21, 35, 25, 34, 22, 25, 27, 18, 1, 21, 32, 21, 12, 29, 2, 36, 20, 34, 9, 35, 22, 16, 13, 7, 13, 11, 36, 33, 27, 7, 30, 6, 34, 24, 20, 11, 28, 10, 17, 29, 0, 5, 17, 31, 6, 18, 27, 35, 7, 33, 5, 3, 31, 13, 20, 30, 21, 25, 35, 23, 11, 0, 19, 36, 17, 29, 13, 2, 23, 14, 5, 14, 8, 22, 36, 26, 25, 22]}', 33, 140, 3),
(16, 1, 4, '2021-08-21 09:53:08', '{\"bets\": [[{\"ratio\": 3, \"value\": 0.3, \"affected\": [1, 2, 3, 4, 5, 6, 7, 8, 9, 10, 11, 12], \"numberHit\": 10, \"spinCount\": 12}, {\"ratio\": 3, \"value\": 0.3, \"affected\": [25, 26, 27, 28, 29, 30, 31, 32, 33, 34, 35, 36], \"numberHit\": 10, \"spinCount\": 12}], [{\"ratio\": 3, \"value\": 0.3, \"affected\": [13, 14, 15, 16, 17, 18, 19, 20, 21, 22, 23, 24], \"numberHit\": 18, \"spinCount\": 13}, {\"ratio\": 3, \"value\": 0.3, \"affected\": [25, 26, 27, 28, 29, 30, 31, 32, 33, 34, 35, 36], \"numberHit\": 18, \"spinCount\": 13}], [{\"ratio\": 3, \"value\": 0.3, \"affected\": [1, 2, 3, 4, 5, 6, 7, 8, 9, 10, 11, 12], \"numberHit\": 25, \"spinCount\": 14}, {\"ratio\": 3, \"value\": 0.3, \"affected\": [25, 26, 27, 28, 29, 30, 31, 32, 33, 34, 35, 36], \"numberHit\": 25, \"spinCount\": 14}], [{\"ratio\": 3, \"value\": 0.1, \"affected\": [3, 6, 9, 12, 15, 18, 21, 24, 27, 30, 33, 36], \"numberHit\": 31, \"spinCount\": 15}, {\"ratio\": 3, \"value\": 0.1, \"affected\": [2, 5, 8, 11, 14, 17, 20, 23, 26, 29, 32, 35], \"numberHit\": 31, \"spinCount\": 15}], [{\"ratio\": 3, \"value\": 0.3, \"affected\": [3, 6, 9, 12, 15, 18, 21, 24, 27, 30, 33, 36], \"numberHit\": 22, \"spinCount\": 16}, {\"ratio\": 3, \"value\": 0.3, \"affected\": [2, 5, 8, 11, 14, 17, 20, 23, 26, 29, 32, 35], \"numberHit\": 22, \"spinCount\": 16}], [{\"ratio\": 3, \"value\": 0.9, \"affected\": [3, 6, 9, 12, 15, 18, 21, 24, 27, 30, 33, 36], \"numberHit\": 31, \"spinCount\": 17}, {\"ratio\": 3, \"value\": 0.9, \"affected\": [2, 5, 8, 11, 14, 17, 20, 23, 26, 29, 32, 35], \"numberHit\": 31, \"spinCount\": 17}], [{\"ratio\": 3, \"value\": 3.6, \"affected\": [3, 6, 9, 12, 15, 18, 21, 24, 27, 30, 33, 36], \"numberHit\": 6, \"spinCount\": 18}, {\"ratio\": 3, \"value\": 3.6, \"affected\": [2, 5, 8, 11, 14, 17, 20, 23, 26, 29, 32, 35], \"numberHit\": 6, \"spinCount\": 18}], [{\"ratio\": 2, \"value\": 0.1, \"affected\": [1, 3, 5, 7, 9, 12, 14, 16, 18, 19, 21, 23, 25, 27, 30, 32, 34, 36], \"numberHit\": 27, \"spinCount\": 28}], [{\"ratio\": 3, \"value\": 0.3, \"affected\": [13, 14, 15, 16, 17, 18, 19, 20, 21, 22, 23, 24], \"numberHit\": 23, \"spinCount\": 30}, {\"ratio\": 3, \"value\": 0.3, \"affected\": [25, 26, 27, 28, 29, 30, 31, 32, 33, 34, 35, 36], \"numberHit\": 23, \"spinCount\": 30}], [{\"ratio\": 2, \"value\": 0.1, \"affected\": [2, 4, 6, 8, 10, 12, 14, 16, 18, 20, 22, 24, 26, 28, 30, 32, 34, 36], \"numberHit\": 34, \"spinCount\": 35}], [{\"ratio\": 3, \"value\": 0.5, \"affected\": [2, 5, 8, 11, 14, 17, 20, 23, 26, 29, 32, 35], \"numberHit\": 22, \"spinCount\": 40}, {\"ratio\": 3, \"value\": 0.5, \"affected\": [1, 4, 7, 10, 13, 16, 19, 22, 25, 28, 31, 34], \"numberHit\": 22, \"spinCount\": 40}], [{\"ratio\": 3, \"value\": 0.5, \"affected\": [3, 6, 9, 12, 15, 18, 21, 24, 27, 30, 33, 36], \"numberHit\": 3, \"spinCount\": 53}, {\"ratio\": 3, \"value\": 0.5, \"affected\": [1, 4, 7, 10, 13, 16, 19, 22, 25, 28, 31, 34], \"numberHit\": 3, \"spinCount\": 53}], [{\"ratio\": 3, \"value\": 0.5, \"affected\": [13, 14, 15, 16, 17, 18, 19, 20, 21, 22, 23, 24], \"numberHit\": 35, \"spinCount\": 54}, {\"ratio\": 3, \"value\": 0.5, \"affected\": [25, 26, 27, 28, 29, 30, 31, 32, 33, 34, 35, 36], \"numberHit\": 35, \"spinCount\": 54}], [{\"ratio\": 3, \"value\": 0.5, \"affected\": [1, 2, 3, 4, 5, 6, 7, 8, 9, 10, 11, 12], \"numberHit\": 13, \"spinCount\": 57}, {\"ratio\": 3, \"value\": 0.5, \"affected\": [13, 14, 15, 16, 17, 18, 19, 20, 21, 22, 23, 24], \"numberHit\": 13, \"spinCount\": 57}], [{\"ratio\": 2, \"value\": 0.5, \"affected\": [1, 3, 5, 7, 9, 12, 14, 16, 18, 19, 21, 23, 25, 27, 30, 32, 34, 36], \"numberHit\": 24, \"spinCount\": 61}], [{\"ratio\": 2, \"value\": 1, \"affected\": [1, 3, 5, 7, 9, 12, 14, 16, 18, 19, 21, 23, 25, 27, 30, 32, 34, 36], \"numberHit\": 34, \"spinCount\": 62}], [{\"ratio\": 2, \"value\": 0.5, \"affected\": [1, 3, 5, 7, 9, 11, 13, 15, 17, 19, 21, 23, 25, 27, 29, 31, 33, 35], \"numberHit\": 23, \"spinCount\": 64}], [{\"ratio\": 3, \"value\": 0.5, \"affected\": [3, 6, 9, 12, 15, 18, 21, 24, 27, 30, 33, 36], \"numberHit\": 3, \"spinCount\": 68}, {\"ratio\": 3, \"value\": 0.5, \"affected\": [1, 4, 7, 10, 13, 16, 19, 22, 25, 28, 31, 34], \"numberHit\": 3, \"spinCount\": 68}], [{\"ratio\": 3, \"value\": 0.5, \"affected\": [2, 5, 8, 11, 14, 17, 20, 23, 26, 29, 32, 35], \"numberHit\": 3, \"spinCount\": 70}, {\"ratio\": 3, \"value\": 0.5, \"affected\": [1, 4, 7, 10, 13, 16, 19, 22, 25, 28, 31, 34], \"numberHit\": 3, \"spinCount\": 70}], [{\"ratio\": 3, \"value\": 1.5, \"affected\": [2, 5, 8, 11, 14, 17, 20, 23, 26, 29, 32, 35], \"numberHit\": 5, \"spinCount\": 71}, {\"ratio\": 3, \"value\": 1.5, \"affected\": [1, 4, 7, 10, 13, 16, 19, 22, 25, 28, 31, 34], \"numberHit\": 5, \"spinCount\": 71}], [{\"ratio\": 3, \"value\": 0.5, \"affected\": [1, 4, 7, 10, 13, 16, 19, 22, 25, 28, 31, 34], \"numberHit\": 26, \"spinCount\": 72}, {\"ratio\": 3, \"value\": 0.5, \"affected\": [25, 26, 27, 28, 29, 30, 31, 32, 33, 34, 35, 36], \"numberHit\": 26, \"spinCount\": 72}], [{\"ratio\": 3, \"value\": 0.5, \"affected\": [3, 6, 9, 12, 15, 18, 21, 24, 27, 30, 33, 36], \"numberHit\": 17, \"spinCount\": 73}, {\"ratio\": 3, \"value\": 0.5, \"affected\": [1, 4, 7, 10, 13, 16, 19, 22, 25, 28, 31, 34], \"numberHit\": 17, \"spinCount\": 73}], [{\"ratio\": 3, \"value\": 1.5, \"affected\": [3, 6, 9, 12, 15, 18, 21, 24, 27, 30, 33, 36], \"numberHit\": 36, \"spinCount\": 74}, {\"ratio\": 3, \"value\": 1.5, \"affected\": [1, 4, 7, 10, 13, 16, 19, 22, 25, 28, 31, 34], \"numberHit\": 36, \"spinCount\": 74}], [{\"ratio\": 3, \"value\": 0.5, \"affected\": [2, 5, 8, 11, 14, 17, 20, 23, 26, 29, 32, 35], \"numberHit\": 29, \"spinCount\": 75}, {\"ratio\": 3, \"value\": 0.5, \"affected\": [1, 4, 7, 10, 13, 16, 19, 22, 25, 28, 31, 34], \"numberHit\": 29, \"spinCount\": 75}], [{\"ratio\": 3, \"value\": 0.5, \"affected\": [3, 6, 9, 12, 15, 18, 21, 24, 27, 30, 33, 36], \"numberHit\": 18, \"spinCount\": 76}, {\"ratio\": 3, \"value\": 0.5, \"affected\": [1, 4, 7, 10, 13, 16, 19, 22, 25, 28, 31, 34], \"numberHit\": 18, \"spinCount\": 76}], [{\"ratio\": 3, \"value\": 0.5, \"affected\": [1, 4, 7, 10, 13, 16, 19, 22, 25, 28, 31, 34], \"numberHit\": 35, \"spinCount\": 77}], [{\"ratio\": 3, \"value\": 1, \"affected\": [1, 4, 7, 10, 13, 16, 19, 22, 25, 28, 31, 34], \"numberHit\": 32, \"spinCount\": 78}], [{\"ratio\": 3, \"value\": 2, \"affected\": [1, 4, 7, 10, 13, 16, 19, 22, 25, 28, 31, 34], \"numberHit\": 29, \"spinCount\": 79}], [{\"ratio\": 3, \"value\": 4, \"affected\": [1, 4, 7, 10, 13, 16, 19, 22, 25, 28, 31, 34], \"numberHit\": 15, \"spinCount\": 80}], [{\"ratio\": 3, \"value\": 8, \"affected\": [1, 4, 7, 10, 13, 16, 19, 22, 25, 28, 31, 34], \"numberHit\": 35, \"spinCount\": 81}], [{\"ratio\": 3, \"value\": 16, \"affected\": [1, 4, 7, 10, 13, 16, 19, 22, 25, 28, 31, 34], \"numberHit\": 9, \"spinCount\": 82}], [{\"ratio\": 3, \"value\": 32, \"affected\": [1, 4, 7, 10, 13, 16, 19, 22, 25, 28, 31, 34], \"numberHit\": 1, \"spinCount\": 83}]], \"nums\": [8, 27, 3, 4, 1, 21, 18, 11, 9, 24, 18, 10, 18, 25, 31, 22, 31, 6, 14, 19, 36, 9, 11, 4, 26, 11, 10, 27, 8, 23, 1, 31, 31, 27, 34, 6, 30, 30, 15, 22, 2, 29, 29, 23, 26, 16, 33, 30, 2, 16, 27, 8, 3, 35, 1, 26, 13, 15, 20, 10, 24, 34, 2, 23, 5, 11, 20, 3, 18, 3, 5, 26, 17, 36, 29, 18, 35, 32, 29, 15, 35, 9, 1]}', 94, 41, 3),
(17, 1, 4, '2021-08-20 09:53:08', '{\"bets\": [[{\"ratio\": 3, \"value\": 0.1, \"affected\": [13, 14, 15, 16, 17, 18, 19, 20, 21, 22, 23, 24], \"numberHit\": 7, \"spinCount\": 8}, {\"ratio\": 3, \"value\": 0.1, \"affected\": [25, 26, 27, 28, 29, 30, 31, 32, 33, 34, 35, 36], \"numberHit\": 7, \"spinCount\": 8}], [{\"ratio\": 3, \"value\": 0.3, \"affected\": [13, 14, 15, 16, 17, 18, 19, 20, 21, 22, 23, 24], \"numberHit\": 15, \"spinCount\": 9}, {\"ratio\": 3, \"value\": 0.3, \"affected\": [25, 26, 27, 28, 29, 30, 31, 32, 33, 34, 35, 36], \"numberHit\": 15, \"spinCount\": 9}], [{\"ratio\": 3, \"value\": 0.3, \"affected\": [13, 14, 15, 16, 17, 18, 19, 20, 21, 22, 23, 24], \"numberHit\": 22, \"spinCount\": 10}, {\"ratio\": 3, \"value\": 0.3, \"affected\": [25, 26, 27, 28, 29, 30, 31, 32, 33, 34, 35, 36], \"numberHit\": 22, \"spinCount\": 10}], [{\"ratio\": 3, \"value\": 0.2, \"affected\": [1, 2, 3, 4, 5, 6, 7, 8, 9, 10, 11, 12], \"numberHit\": 27, \"spinCount\": 11}, {\"ratio\": 3, \"value\": 0.2, \"affected\": [25, 26, 27, 28, 29, 30, 31, 32, 33, 34, 35, 36], \"numberHit\": 27, \"spinCount\": 11}], [{\"ratio\": 3, \"value\": 0.2, \"affected\": [2, 5, 8, 11, 14, 17, 20, 23, 26, 29, 32, 35], \"numberHit\": 5, \"spinCount\": 12}, {\"ratio\": 3, \"value\": 0.2, \"affected\": [1, 4, 7, 10, 13, 16, 19, 22, 25, 28, 31, 34], \"numberHit\": 5, \"spinCount\": 12}], [{\"ratio\": 3, \"value\": 0.1, \"affected\": [13, 14, 15, 16, 17, 18, 19, 20, 21, 22, 23, 24], \"numberHit\": 1, \"spinCount\": 13}, {\"ratio\": 3, \"value\": 0.1, \"affected\": [25, 26, 27, 28, 29, 30, 31, 32, 33, 34, 35, 36], \"numberHit\": 1, \"spinCount\": 13}], [{\"ratio\": 3, \"value\": 0.4, \"affected\": [13, 14, 15, 16, 17, 18, 19, 20, 21, 22, 23, 24], \"numberHit\": 36, \"spinCount\": 14}, {\"ratio\": 3, \"value\": 0.4, \"affected\": [25, 26, 27, 28, 29, 30, 31, 32, 33, 34, 35, 36], \"numberHit\": 36, \"spinCount\": 14}], [{\"ratio\": 3, \"value\": 0.2, \"affected\": [1, 2, 3, 4, 5, 6, 7, 8, 9, 10, 11, 12], \"numberHit\": 34, \"spinCount\": 15}, {\"ratio\": 3, \"value\": 0.2, \"affected\": [13, 14, 15, 16, 17, 18, 19, 20, 21, 22, 23, 24], \"numberHit\": 34, \"spinCount\": 15}], [{\"ratio\": 2, \"value\": 0.3, \"affected\": [2, 4, 6, 8, 10, 11, 13, 15, 17, 20, 22, 24, 26, 28, 29, 31, 33, 35], \"numberHit\": 12, \"spinCount\": 16}], [{\"ratio\": 2, \"value\": 0.6, \"affected\": [2, 4, 6, 8, 10, 11, 13, 15, 17, 20, 22, 24, 26, 28, 29, 31, 33, 35], \"numberHit\": 14, \"spinCount\": 17}], [{\"ratio\": 2, \"value\": 1.2, \"affected\": [2, 4, 6, 8, 10, 11, 13, 15, 17, 20, 22, 24, 26, 28, 29, 31, 33, 35], \"numberHit\": 24, \"spinCount\": 18}], [{\"ratio\": 2, \"value\": 0.2, \"affected\": [1, 3, 5, 7, 9, 11, 13, 15, 17, 19, 21, 23, 25, 27, 29, 31, 33, 35], \"numberHit\": 6, \"spinCount\": 19}], [{\"ratio\": 2, \"value\": 0.4, \"affected\": [1, 3, 5, 7, 9, 11, 13, 15, 17, 19, 21, 23, 25, 27, 29, 31, 33, 35], \"numberHit\": 23, \"spinCount\": 20}], [{\"ratio\": 3, \"value\": 0.2, \"affected\": [25, 26, 27, 28, 29, 30, 31, 32, 33, 34, 35, 36], \"numberHit\": 24, \"spinCount\": 21}, {\"ratio\": 3, \"value\": 0.2, \"affected\": [1, 4, 7, 10, 13, 16, 19, 22, 25, 28, 31, 34], \"numberHit\": 24, \"spinCount\": 21}], [{\"ratio\": 3, \"value\": 0.6, \"affected\": [25, 26, 27, 28, 29, 30, 31, 32, 33, 34, 35, 36], \"numberHit\": 36, \"spinCount\": 22}, {\"ratio\": 3, \"value\": 0.6, \"affected\": [1, 4, 7, 10, 13, 16, 19, 22, 25, 28, 31, 34], \"numberHit\": 36, \"spinCount\": 22}], [{\"ratio\": 3, \"value\": 0.2, \"affected\": [1, 4, 7, 10, 13, 16, 19, 22, 25, 28, 31, 34], \"numberHit\": 33, \"spinCount\": 23}, {\"ratio\": 3, \"value\": 0.2, \"affected\": [2, 5, 8, 11, 14, 17, 20, 23, 26, 29, 32, 35], \"numberHit\": 33, \"spinCount\": 23}], [{\"ratio\": 3, \"value\": 0.6, \"affected\": [1, 4, 7, 10, 13, 16, 19, 22, 25, 28, 31, 34], \"numberHit\": 36, \"spinCount\": 24}, {\"ratio\": 3, \"value\": 0.6, \"affected\": [2, 5, 8, 11, 14, 17, 20, 23, 26, 29, 32, 35], \"numberHit\": 36, \"spinCount\": 24}], [{\"ratio\": 3, \"value\": 1.8, \"affected\": [1, 4, 7, 10, 13, 16, 19, 22, 25, 28, 31, 34], \"numberHit\": 10, \"spinCount\": 25}, {\"ratio\": 3, \"value\": 1.8, \"affected\": [2, 5, 8, 11, 14, 17, 20, 23, 26, 29, 32, 35], \"numberHit\": 10, \"spinCount\": 25}], [{\"ratio\": 3, \"value\": 0.2, \"affected\": [3, 6, 9, 12, 15, 18, 21, 24, 27, 30, 33, 36], \"numberHit\": 6, \"spinCount\": 26}, {\"ratio\": 3, \"value\": 0.2, \"affected\": [2, 5, 8, 11, 14, 17, 20, 23, 26, 29, 32, 35], \"numberHit\": 6, \"spinCount\": 26}], [{\"ratio\": 3, \"value\": 0.2, \"affected\": [3, 6, 9, 12, 15, 18, 21, 24, 27, 30, 33, 36], \"numberHit\": 19, \"spinCount\": 27}, {\"ratio\": 3, \"value\": 0.2, \"affected\": [2, 5, 8, 11, 14, 17, 20, 23, 26, 29, 32, 35], \"numberHit\": 19, \"spinCount\": 27}], [{\"ratio\": 3, \"value\": 0.8, \"affected\": [3, 6, 9, 12, 15, 18, 21, 24, 27, 30, 33, 36], \"numberHit\": 22, \"spinCount\": 28}, {\"ratio\": 3, \"value\": 0.8, \"affected\": [2, 5, 8, 11, 14, 17, 20, 23, 26, 29, 32, 35], \"numberHit\": 22, \"spinCount\": 28}], [{\"ratio\": 3, \"value\": 3.2, \"affected\": [3, 6, 9, 12, 15, 18, 21, 24, 27, 30, 33, 36], \"numberHit\": 22, \"spinCount\": 29}, {\"ratio\": 3, \"value\": 3.2, \"affected\": [2, 5, 8, 11, 14, 17, 20, 23, 26, 29, 32, 35], \"numberHit\": 22, \"spinCount\": 29}], [{\"ratio\": 3, \"value\": 3.2, \"affected\": [3, 6, 9, 12, 15, 18, 21, 24, 27, 30, 33, 36], \"numberHit\": 9, \"spinCount\": 30}, {\"ratio\": 3, \"value\": 3.2, \"affected\": [2, 5, 8, 11, 14, 17, 20, 23, 26, 29, 32, 35], \"numberHit\": 9, \"spinCount\": 30}], [{\"ratio\": 3, \"value\": 0.5, \"affected\": [13, 14, 15, 16, 17, 18, 19, 20, 21, 22, 23, 24], \"numberHit\": 7, \"spinCount\": 31}, {\"ratio\": 3, \"value\": 0.5, \"affected\": [25, 26, 27, 28, 29, 30, 31, 32, 33, 34, 35, 36], \"numberHit\": 7, \"spinCount\": 31}]], \"nums\": [17, 14, 18, 30, 19, 28, 8, 7, 15, 22, 27, 5, 1, 36, 34, 12, 14, 24, 6, 23, 24, 36, 33, 36, 10, 6, 19, 22, 22, 9, 7, 34]}', -4.5, 29, 3),
(18, 1, 4, '2021-08-19 09:53:08', '{\"bets\": [[{\"ratio\": 3, \"value\": 0.5, \"affected\": [1, 4, 7, 10, 13, 16, 19, 22, 25, 28, 31, 34], \"numberHit\": 22, \"spinCount\": 19}], [{\"ratio\": 6, \"value\": 0.5, \"affected\": [27, 30, 26, 29, 25, 28], \"numberHit\": 6, \"spinCount\": 28}], [{\"ratio\": 6, \"value\": 0.5, \"affected\": [27, 30, 26, 29, 25, 28], \"numberHit\": 3, \"spinCount\": 29}], [{\"ratio\": 6, \"value\": 0.5, \"affected\": [27, 30, 26, 29, 25, 28], \"numberHit\": 28, \"spinCount\": 32}], [{\"ratio\": 2, \"value\": 2, \"affected\": [1, 3, 5, 7, 9, 11, 13, 15, 17, 19, 21, 23, 25, 27, 29, 31, 33, 35], \"numberHit\": 30, \"spinCount\": 42}], [{\"ratio\": 2, \"value\": 4, \"affected\": [1, 3, 5, 7, 9, 11, 13, 15, 17, 19, 21, 23, 25, 27, 29, 31, 33, 35], \"numberHit\": 4, \"spinCount\": 43}], [{\"ratio\": 2, \"value\": 8, \"affected\": [1, 3, 5, 7, 9, 11, 13, 15, 17, 19, 21, 23, 25, 27, 29, 31, 33, 35], \"numberHit\": 30, \"spinCount\": 44}], [{\"ratio\": 2, \"value\": 16, \"affected\": [1, 3, 5, 7, 9, 11, 13, 15, 17, 19, 21, 23, 25, 27, 29, 31, 33, 35], \"numberHit\": 11, \"spinCount\": 45}], [{\"ratio\": 2, \"value\": 0.1, \"affected\": [2, 4, 6, 8, 10, 11, 13, 15, 17, 20, 22, 24, 26, 28, 29, 31, 33, 35], \"numberHit\": 2, \"spinCount\": 46}], [{\"ratio\": 3, \"value\": 0.5, \"affected\": [13, 14, 15, 16, 17, 18, 19, 20, 21, 22, 23, 24], \"numberHit\": 25, \"spinCount\": 47}, {\"ratio\": 3, \"value\": 0.5, \"affected\": [25, 26, 27, 28, 29, 30, 31, 32, 33, 34, 35, 36], \"numberHit\": 25, \"spinCount\": 47}], [{\"ratio\": 3, \"value\": 0.5, \"affected\": [13, 14, 15, 16, 17, 18, 19, 20, 21, 22, 23, 24], \"numberHit\": 9, \"spinCount\": 48}, {\"ratio\": 3, \"value\": 0.5, \"affected\": [25, 26, 27, 28, 29, 30, 31, 32, 33, 34, 35, 36], \"numberHit\": 9, \"spinCount\": 48}], [{\"ratio\": 3, \"value\": 1.5, \"affected\": [13, 14, 15, 16, 17, 18, 19, 20, 21, 22, 23, 24], \"numberHit\": 27, \"spinCount\": 49}, {\"ratio\": 3, \"value\": 1.5, \"affected\": [25, 26, 27, 28, 29, 30, 31, 32, 33, 34, 35, 36], \"numberHit\": 27, \"spinCount\": 49}], [{\"ratio\": 3, \"value\": 0.5, \"affected\": [1, 2, 3, 4, 5, 6, 7, 8, 9, 10, 11, 12], \"numberHit\": 9, \"spinCount\": 50}, {\"ratio\": 3, \"value\": 1.5, \"affected\": [13, 14, 15, 16, 17, 18, 19, 20, 21, 22, 23, 24], \"numberHit\": 9, \"spinCount\": 50}], [{\"ratio\": 3, \"value\": 5, \"affected\": [13, 14, 15, 16, 17, 18, 19, 20, 21, 22, 23, 24], \"numberHit\": 30, \"spinCount\": 51}], [{\"ratio\": 3, \"value\": 10, \"affected\": [13, 14, 15, 16, 17, 18, 19, 20, 21, 22, 23, 24], \"numberHit\": 24, \"spinCount\": 52}], [{\"ratio\": 3, \"value\": 0.1, \"affected\": [13, 14, 15, 16, 17, 18, 19, 20, 21, 22, 23, 24], \"numberHit\": 5, \"spinCount\": 53}], [{\"ratio\": 2, \"value\": 1, \"affected\": [1, 2, 3, 4, 5, 6, 7, 8, 9, 10, 11, 12, 13, 14, 15, 16, 17, 18], \"numberHit\": 30, \"spinCount\": 63}], [{\"ratio\": 2, \"value\": 2, \"affected\": [1, 2, 3, 4, 5, 6, 7, 8, 9, 10, 11, 12, 13, 14, 15, 16, 17, 18], \"numberHit\": 17, \"spinCount\": 64}], [{\"ratio\": 3, \"value\": 0.5, \"affected\": [1, 2, 3, 4, 5, 6, 7, 8, 9, 10, 11, 12], \"numberHit\": 10, \"spinCount\": 68}, {\"ratio\": 3, \"value\": 0.5, \"affected\": [25, 26, 27, 28, 29, 30, 31, 32, 33, 34, 35, 36], \"numberHit\": 10, \"spinCount\": 68}], [{\"ratio\": 6, \"value\": 0.5, \"affected\": [33, 36, 32, 35, 31, 34], \"numberHit\": 18, \"spinCount\": 73}], [{\"ratio\": 6, \"value\": 0.5, \"affected\": [33, 36, 32, 35, 31, 34], \"numberHit\": 36, \"spinCount\": 74}], [{\"ratio\": 2, \"value\": 1, \"affected\": [1, 2, 3, 4, 5, 6, 7, 8, 9, 10, 11, 12, 13, 14, 15, 16, 17, 18], \"numberHit\": 3, \"spinCount\": 91}], [{\"ratio\": 3, \"value\": 0.5, \"affected\": [1, 2, 3, 4, 5, 6, 7, 8, 9, 10, 11, 12], \"numberHit\": 5, \"spinCount\": 100}, {\"ratio\": 3, \"value\": 0.5, \"affected\": [13, 14, 15, 16, 17, 18, 19, 20, 21, 22, 23, 24], \"numberHit\": 5, \"spinCount\": 100}], [{\"ratio\": 3, \"value\": 0.5, \"affected\": [13, 14, 15, 16, 17, 18, 19, 20, 21, 22, 23, 24], \"numberHit\": 18, \"spinCount\": 103}, {\"ratio\": 3, \"value\": 0.5, \"affected\": [25, 26, 27, 28, 29, 30, 31, 32, 33, 34, 35, 36], \"numberHit\": 18, \"spinCount\": 103}], [{\"ratio\": 3, \"value\": 0.5, \"affected\": [1, 2, 3, 4, 5, 6, 7, 8, 9, 10, 11, 12], \"numberHit\": 12, \"spinCount\": 105}, {\"ratio\": 3, \"value\": 0.5, \"affected\": [25, 26, 27, 28, 29, 30, 31, 32, 33, 34, 35, 36], \"numberHit\": 12, \"spinCount\": 105}], [{\"ratio\": 3, \"value\": 0.5, \"affected\": [1, 2, 3, 4, 5, 6, 7, 8, 9, 10, 11, 12], \"numberHit\": 17, \"spinCount\": 106}, {\"ratio\": 3, \"value\": 0.5, \"affected\": [25, 26, 27, 28, 29, 30, 31, 32, 33, 34, 35, 36], \"numberHit\": 17, \"spinCount\": 106}], [{\"ratio\": 3, \"value\": 1.5, \"affected\": [1, 2, 3, 4, 5, 6, 7, 8, 9, 10, 11, 12], \"numberHit\": 3, \"spinCount\": 107}, {\"ratio\": 3, \"value\": 1.5, \"affected\": [25, 26, 27, 28, 29, 30, 31, 32, 33, 34, 35, 36], \"numberHit\": 3, \"spinCount\": 107}], [{\"ratio\": 3, \"value\": 0.5, \"affected\": [13, 14, 15, 16, 17, 18, 19, 20, 21, 22, 23, 24], \"numberHit\": 28, \"spinCount\": 108}, {\"ratio\": 3, \"value\": 0.5, \"affected\": [25, 26, 27, 28, 29, 30, 31, 32, 33, 34, 35, 36], \"numberHit\": 28, \"spinCount\": 108}], [{\"ratio\": 3, \"value\": 0.5, \"affected\": [1, 2, 3, 4, 5, 6, 7, 8, 9, 10, 11, 12], \"numberHit\": 20, \"spinCount\": 111}, {\"ratio\": 3, \"value\": 0.5, \"affected\": [13, 14, 15, 16, 17, 18, 19, 20, 21, 22, 23, 24], \"numberHit\": 20, \"spinCount\": 111}], [{\"ratio\": 3, \"value\": 0.5, \"affected\": [1, 2, 3, 4, 5, 6, 7, 8, 9, 10, 11, 12], \"numberHit\": 8, \"spinCount\": 113}, {\"ratio\": 3, \"value\": 0.5, \"affected\": [25, 26, 27, 28, 29, 30, 31, 32, 33, 34, 35, 36], \"numberHit\": 8, \"spinCount\": 113}], [{\"ratio\": 3, \"value\": 0.5, \"affected\": [1, 2, 3, 4, 5, 6, 7, 8, 9, 10, 11, 12], \"numberHit\": 23, \"spinCount\": 114}, {\"ratio\": 3, \"value\": 0.5, \"affected\": [25, 26, 27, 28, 29, 30, 31, 32, 33, 34, 35, 36], \"numberHit\": 23, \"spinCount\": 114}], [{\"ratio\": 3, \"value\": 1.5, \"affected\": [1, 2, 3, 4, 5, 6, 7, 8, 9, 10, 11, 12], \"numberHit\": 23, \"spinCount\": 115}, {\"ratio\": 3, \"value\": 1.5, \"affected\": [25, 26, 27, 28, 29, 30, 31, 32, 33, 34, 35, 36], \"numberHit\": 23, \"spinCount\": 115}], [{\"ratio\": 3, \"value\": 4.5, \"affected\": [1, 2, 3, 4, 5, 6, 7, 8, 9, 10, 11, 12], \"numberHit\": 31, \"spinCount\": 116}, {\"ratio\": 3, \"value\": 4.5, \"affected\": [25, 26, 27, 28, 29, 30, 31, 32, 33, 34, 35, 36], \"numberHit\": 31, \"spinCount\": 116}], [{\"ratio\": 3, \"value\": 0.5, \"affected\": [1, 2, 3, 4, 5, 6, 7, 8, 9, 10, 11, 12], \"numberHit\": 33, \"spinCount\": 117}, {\"ratio\": 3, \"value\": 0.5, \"affected\": [13, 14, 15, 16, 17, 18, 19, 20, 21, 22, 23, 24], \"numberHit\": 33, \"spinCount\": 117}], [{\"ratio\": 3, \"value\": 1.5, \"affected\": [1, 2, 3, 4, 5, 6, 7, 8, 9, 10, 11, 12], \"numberHit\": 33, \"spinCount\": 118}, {\"ratio\": 3, \"value\": 1.5, \"affected\": [13, 14, 15, 16, 17, 18, 19, 20, 21, 22, 23, 24], \"numberHit\": 33, \"spinCount\": 118}], [{\"ratio\": 2, \"value\": 1, \"affected\": [2, 4, 6, 8, 10, 12, 14, 16, 18, 20, 22, 24, 26, 28, 30, 32, 34, 36], \"numberHit\": 17, \"spinCount\": 120}, {\"ratio\": 2, \"value\": 1, \"affected\": [1, 2, 3, 4, 5, 6, 7, 8, 9, 10, 11, 12, 13, 14, 15, 16, 17, 18], \"numberHit\": 17, \"spinCount\": 120}], [{\"ratio\": 2, \"value\": 2, \"affected\": [1, 2, 3, 4, 5, 6, 7, 8, 9, 10, 11, 12, 13, 14, 15, 16, 17, 18], \"numberHit\": 31, \"spinCount\": 121}], [{\"ratio\": 2, \"value\": 6, \"affected\": [2, 4, 6, 8, 10, 12, 14, 16, 18, 20, 22, 24, 26, 28, 30, 32, 34, 36], \"numberHit\": 25, \"spinCount\": 122}], [{\"ratio\": 2, \"value\": 17, \"affected\": [2, 4, 6, 8, 10, 12, 14, 16, 18, 20, 22, 24, 26, 28, 30, 32, 34, 36], \"numberHit\": 26, \"spinCount\": 123}], [{\"ratio\": 3, \"value\": 0.5, \"affected\": [1, 2, 3, 4, 5, 6, 7, 8, 9, 10, 11, 12], \"numberHit\": 2, \"spinCount\": 125}]], \"nums\": [8, 12, 31, 20, 12, 7, 6, 32, 5, 32, 3, 35, 14, 8, 9, 9, 35, 12, 22, 31, 6, 35, 18, 7, 22, 36, 19, 6, 3, 19, 22, 28, 32, 5, 13, 0, 4, 8, 36, 28, 26, 30, 4, 30, 11, 2, 25, 9, 27, 9, 30, 24, 5, 12, 1, 2, 30, 29, 23, 27, 25, 20, 30, 17, 22, 0, 21, 10, 9, 14, 15, 1, 18, 36, 11, 8, 34, 35, 24, 10, 36, 11, 0, 11, 28, 36, 36, 19, 36, 31, 3, 35, 11, 16, 14, 20, 14, 33, 25, 5, 23, 24, 18, 25, 12, 17, 3, 28, 28, 23, 20, 15, 8, 23, 23, 31, 33, 33, 0, 17, 31, 25, 26, 19, 2, 23, 7, 30, 11, 36, 19, 11, 35]}', 35, 110, 3),
(19, 1, 4, '2021-08-18 09:53:08', '{\"bets\": [[{\"ratio\": 3, \"value\": 1, \"affected\": [1, 2, 3, 4, 5, 6, 7, 8, 9, 10, 11, 12], \"numberHit\": 22, \"spinCount\": 13}, {\"ratio\": 3, \"value\": 1, \"affected\": [25, 26, 27, 28, 29, 30, 31, 32, 33, 34, 35, 36], \"numberHit\": 22, \"spinCount\": 13}], [{\"ratio\": 3, \"value\": 3, \"affected\": [1, 2, 3, 4, 5, 6, 7, 8, 9, 10, 11, 12], \"numberHit\": 21, \"spinCount\": 14}, {\"ratio\": 3, \"value\": 3, \"affected\": [25, 26, 27, 28, 29, 30, 31, 32, 33, 34, 35, 36], \"numberHit\": 21, \"spinCount\": 14}], [{\"ratio\": 3, \"value\": 5, \"affected\": [25, 26, 27, 28, 29, 30, 31, 32, 33, 34, 35, 36], \"numberHit\": 17, \"spinCount\": 15}], [{\"ratio\": 3, \"value\": 7, \"affected\": [25, 26, 27, 28, 29, 30, 31, 32, 33, 34, 35, 36], \"numberHit\": 30, \"spinCount\": 16}]], \"nums\": [16, 13, 27, 6, 12, 9, 21, 10, 0, 2, 10, 16, 22, 21, 17, 30, 14, 22]}', 1, 20, 3),
(20, 3, 4, '2021-08-17 09:53:08', '{\"bets\": [[{\"ratio\": 2, \"value\": 1, \"affected\": [19, 20, 21, 22, 23, 24, 25, 26, 27, 28, 29, 30, 31, 32, 33, 34, 35, 36], \"numberHit\": 9, \"spinCount\": 22}], [{\"ratio\": 2, \"value\": 2, \"affected\": [19, 20, 21, 22, 23, 24, 25, 26, 27, 28, 29, 30, 31, 32, 33, 34, 35, 36], \"numberHit\": 35, \"spinCount\": 23}], [{\"ratio\": 3, \"value\": 0.5, \"affected\": [1, 2, 3, 4, 5, 6, 7, 8, 9, 10, 11, 12], \"numberHit\": 15, \"spinCount\": 33}, {\"ratio\": 3, \"value\": 0.5, \"affected\": [13, 14, 15, 16, 17, 18, 19, 20, 21, 22, 23, 24], \"numberHit\": 15, \"spinCount\": 33}], [{\"ratio\": 2, \"value\": 1, \"affected\": [1, 3, 5, 7, 9, 11, 13, 15, 17, 19, 21, 23, 25, 27, 29, 31, 33, 35], \"numberHit\": 0, \"spinCount\": 42}], [{\"ratio\": 2, \"value\": 2, \"affected\": [1, 3, 5, 7, 9, 11, 13, 15, 17, 19, 21, 23, 25, 27, 29, 31, 33, 35], \"numberHit\": 17, \"spinCount\": 43}, {\"ratio\": 2, \"value\": 1, \"affected\": [1, 3, 5, 7, 9, 12, 14, 16, 18, 19, 21, 23, 25, 27, 30, 32, 34, 36], \"numberHit\": 17, \"spinCount\": 43}], [{\"ratio\": 2, \"value\": 2, \"affected\": [1, 3, 5, 7, 9, 12, 14, 16, 18, 19, 21, 23, 25, 27, 30, 32, 34, 36], \"numberHit\": 34, \"spinCount\": 44}], [{\"ratio\": 3, \"value\": 0.5, \"affected\": [3, 6, 9, 12, 15, 18, 21, 24, 27, 30, 33, 36], \"numberHit\": 33, \"spinCount\": 52}, {\"ratio\": 3, \"value\": 0.5, \"affected\": [2, 5, 8, 11, 14, 17, 20, 23, 26, 29, 32, 35], \"numberHit\": 33, \"spinCount\": 52}], [{\"ratio\": 3, \"value\": 0.5, \"affected\": [1, 2, 3, 4, 5, 6, 7, 8, 9, 10, 11, 12], \"numberHit\": 11, \"spinCount\": 53}, {\"ratio\": 3, \"value\": 0.5, \"affected\": [13, 14, 15, 16, 17, 18, 19, 20, 21, 22, 23, 24], \"numberHit\": 11, \"spinCount\": 53}], [{\"ratio\": 3, \"value\": 0.5, \"affected\": [13, 14, 15, 16, 17, 18, 19, 20, 21, 22, 23, 24], \"numberHit\": 30, \"spinCount\": 54}, {\"ratio\": 3, \"value\": 0.5, \"affected\": [25, 26, 27, 28, 29, 30, 31, 32, 33, 34, 35, 36], \"numberHit\": 30, \"spinCount\": 54}], [{\"ratio\": 3, \"value\": 0.5, \"affected\": [1, 2, 3, 4, 5, 6, 7, 8, 9, 10, 11, 12], \"numberHit\": 15, \"spinCount\": 55}, {\"ratio\": 3, \"value\": 0.5, \"affected\": [13, 14, 15, 16, 17, 18, 19, 20, 21, 22, 23, 24], \"numberHit\": 15, \"spinCount\": 55}], [{\"ratio\": 3, \"value\": 0.5, \"affected\": [25, 26, 27, 28, 29, 30, 31, 32, 33, 34, 35, 36], \"numberHit\": 4, \"spinCount\": 66}], [{\"ratio\": 2, \"value\": 1, \"affected\": [19, 20, 21, 22, 23, 24, 25, 26, 27, 28, 29, 30, 31, 32, 33, 34, 35, 36], \"numberHit\": 13, \"spinCount\": 67}], [{\"ratio\": 2, \"value\": 2, \"affected\": [19, 20, 21, 22, 23, 24, 25, 26, 27, 28, 29, 30, 31, 32, 33, 34, 35, 36], \"numberHit\": 24, \"spinCount\": 68}], [{\"ratio\": 3, \"value\": 0.5, \"affected\": [1, 2, 3, 4, 5, 6, 7, 8, 9, 10, 11, 12], \"numberHit\": 3, \"spinCount\": 76}, {\"ratio\": 3, \"value\": 0.5, \"affected\": [25, 26, 27, 28, 29, 30, 31, 32, 33, 34, 35, 36], \"numberHit\": 3, \"spinCount\": 76}], [{\"ratio\": 3, \"value\": 0.5, \"affected\": [2, 5, 8, 11, 14, 17, 20, 23, 26, 29, 32, 35], \"numberHit\": 26, \"spinCount\": 77}, {\"ratio\": 3, \"value\": 0.5, \"affected\": [1, 4, 7, 10, 13, 16, 19, 22, 25, 28, 31, 34], \"numberHit\": 26, \"spinCount\": 77}], [{\"ratio\": 3, \"value\": 0.5, \"affected\": [13, 14, 15, 16, 17, 18, 19, 20, 21, 22, 23, 24], \"numberHit\": 2, \"spinCount\": 80}, {\"ratio\": 3, \"value\": 0.5, \"affected\": [25, 26, 27, 28, 29, 30, 31, 32, 33, 34, 35, 36], \"numberHit\": 2, \"spinCount\": 80}], [{\"ratio\": 3, \"value\": 1.5, \"affected\": [13, 14, 15, 16, 17, 18, 19, 20, 21, 22, 23, 24], \"numberHit\": 32, \"spinCount\": 81}, {\"ratio\": 3, \"value\": 1.5, \"affected\": [25, 26, 27, 28, 29, 30, 31, 32, 33, 34, 35, 36], \"numberHit\": 32, \"spinCount\": 81}], [{\"ratio\": 3, \"value\": 0.5, \"affected\": [13, 14, 15, 16, 17, 18, 19, 20, 21, 22, 23, 24], \"numberHit\": 30, \"spinCount\": 83}, {\"ratio\": 3, \"value\": 0.5, \"affected\": [1, 2, 3, 4, 5, 6, 7, 8, 9, 10, 11, 12], \"numberHit\": 30, \"spinCount\": 83}], [{\"ratio\": 3, \"value\": 1.5, \"affected\": [13, 14, 15, 16, 17, 18, 19, 20, 21, 22, 23, 24], \"numberHit\": 2, \"spinCount\": 84}, {\"ratio\": 3, \"value\": 1.5, \"affected\": [1, 2, 3, 4, 5, 6, 7, 8, 9, 10, 11, 12], \"numberHit\": 2, \"spinCount\": 84}], [{\"ratio\": 2, \"value\": 1, \"affected\": [1, 3, 5, 7, 9, 11, 13, 15, 17, 19, 21, 23, 25, 27, 29, 31, 33, 35], \"numberHit\": 1, \"spinCount\": 86}]], \"nums\": [23, 10, 0, 25, 14, 22, 33, 30, 0, 27, 21, 37, 9, 20, 8, 1, 8, 9, 17, 14, 0, 9, 35, 20, 7, 12, 28, 31, 37, 35, 25, 26, 15, 1, 36, 8, 10, 20, 22, 4, 37, 0, 17, 34, 9, 22, 4, 17, 23, 31, 34, 33, 11, 30, 15, 6, 34, 14, 23, 1, 18, 13, 9, 1, 37, 4, 13, 24, 31, 21, 8, 35, 35, 18, 19, 3, 26, 29, 4, 2, 32, 32, 30, 2, 32, 1, 16, 35, 18, 17]}', 9, 29, 3),
(21, 1, 4, '2021-08-16 09:53:08', '{\"bets\": [[{\"ratio\": 2, \"value\": 0.5, \"affected\": [2, 4, 6, 8, 10, 12, 14, 16, 18, 20, 22, 24, 26, 28, 30, 32, 34, 36], \"numberHit\": 32, \"spinCount\": 13}]], \"nums\": [7, 35, 30, 19, 30, 1, 13, 0, 11, 19, 11, 11, 32]}', 0.5, 0.5, 3);
INSERT INTO `game` (`id`, `game_id`, `user_id`, `timestamp`, `data`, `win_loss`, `amount_wagered`, `casino_id`) VALUES
(25, 1, 4, '2021-09-29 09:53:08', '{\"bets\": [[{\"ratio\": 3, \"value\": 0.5, \"affected\": [3, 6, 9, 12, 15, 18, 21, 24, 27, 30, 33, 36], \"numberHit\": 28, \"spinCount\": 14}, {\"ratio\": 3, \"value\": 0.5, \"affected\": [2, 5, 8, 11, 14, 17, 20, 23, 26, 29, 32, 35], \"numberHit\": 28, \"spinCount\": 14}], [{\"ratio\": 3, \"value\": 1.5, \"affected\": [3, 6, 9, 12, 15, 18, 21, 24, 27, 30, 33, 36], \"numberHit\": 8, \"spinCount\": 15}, {\"ratio\": 3, \"value\": 1.5, \"affected\": [2, 5, 8, 11, 14, 17, 20, 23, 26, 29, 32, 35], \"numberHit\": 8, \"spinCount\": 15}], [{\"ratio\": 2, \"value\": 0.5, \"affected\": [1, 3, 5, 7, 9, 12, 14, 16, 18, 19, 21, 23, 25, 27, 30, 32, 34, 36], \"numberHit\": 6, \"spinCount\": 16}], [{\"ratio\": 2, \"value\": 0.5, \"affected\": [1, 3, 5, 7, 9, 12, 14, 16, 18, 19, 21, 23, 25, 27, 30, 32, 34, 36], \"numberHit\": 6, \"spinCount\": 17}], [{\"ratio\": 2, \"value\": 2, \"affected\": [1, 3, 5, 7, 9, 12, 14, 16, 18, 19, 21, 23, 25, 27, 30, 32, 34, 36], \"numberHit\": 0, \"spinCount\": 18}], [{\"ratio\": 2, \"value\": 4, \"affected\": [1, 3, 5, 7, 9, 12, 14, 16, 18, 19, 21, 23, 25, 27, 30, 32, 34, 36], \"numberHit\": 22, \"spinCount\": 19}], [{\"ratio\": 2, \"value\": 8, \"affected\": [1, 3, 5, 7, 9, 12, 14, 16, 18, 19, 21, 23, 25, 27, 30, 32, 34, 36], \"numberHit\": 20, \"spinCount\": 20}], [{\"ratio\": 2, \"value\": 32, \"affected\": [1, 3, 5, 7, 9, 12, 14, 16, 18, 19, 21, 23, 25, 27, 30, 32, 34, 36], \"numberHit\": 19, \"spinCount\": 21}], [{\"ratio\": 2, \"value\": 0.1, \"affected\": [2, 4, 6, 8, 10, 11, 13, 15, 17, 20, 22, 24, 26, 28, 29, 31, 33, 35], \"numberHit\": 11, \"spinCount\": 23}], [{\"ratio\": 2, \"value\": 0.5, \"affected\": [2, 4, 6, 8, 10, 12, 14, 16, 18, 20, 22, 24, 26, 28, 30, 32, 34, 36], \"numberHit\": 20, \"spinCount\": 29}], [{\"ratio\": 6, \"value\": 1, \"affected\": [15, 18, 14, 17, 13, 16], \"numberHit\": 13, \"spinCount\": 36}], [{\"ratio\": 3, \"value\": 0.5, \"affected\": [25, 26, 27, 28, 29, 30, 31, 32, 33, 34, 35, 36], \"numberHit\": 13, \"spinCount\": 53}, {\"ratio\": 3, \"value\": 0.5, \"affected\": [1, 2, 3, 4, 5, 6, 7, 8, 9, 10, 11, 12], \"numberHit\": 13, \"spinCount\": 53}], [{\"ratio\": 3, \"value\": 1.5, \"affected\": [25, 26, 27, 28, 29, 30, 31, 32, 33, 34, 35, 36], \"numberHit\": 8, \"spinCount\": 54}, {\"ratio\": 3, \"value\": 1.5, \"affected\": [1, 2, 3, 4, 5, 6, 7, 8, 9, 10, 11, 12], \"numberHit\": 8, \"spinCount\": 54}], [{\"ratio\": 3, \"value\": 0.5, \"affected\": [13, 14, 15, 16, 17, 18, 19, 20, 21, 22, 23, 24], \"numberHit\": 12, \"spinCount\": 55}, {\"ratio\": 3, \"value\": 0.5, \"affected\": [25, 26, 27, 28, 29, 30, 31, 32, 33, 34, 35, 36], \"numberHit\": 12, \"spinCount\": 55}], [{\"ratio\": 2, \"value\": 2, \"affected\": [19, 20, 21, 22, 23, 24, 25, 26, 27, 28, 29, 30, 31, 32, 33, 34, 35, 36], \"numberHit\": 2, \"spinCount\": 56}], [{\"ratio\": 2, \"value\": 4, \"affected\": [19, 20, 21, 22, 23, 24, 25, 26, 27, 28, 29, 30, 31, 32, 33, 34, 35, 36], \"numberHit\": 29, \"spinCount\": 57}], [{\"ratio\": 3, \"value\": 1, \"affected\": [13, 14, 15, 16, 17, 18, 19, 20, 21, 22, 23, 24], \"numberHit\": 29, \"spinCount\": 61}, {\"ratio\": 3, \"value\": 1, \"affected\": [25, 26, 27, 28, 29, 30, 31, 32, 33, 34, 35, 36], \"numberHit\": 29, \"spinCount\": 61}], [{\"ratio\": 3, \"value\": 1, \"affected\": [13, 14, 15, 16, 17, 18, 19, 20, 21, 22, 23, 24], \"numberHit\": 22, \"spinCount\": 63}, {\"ratio\": 3, \"value\": 1, \"affected\": [25, 26, 27, 28, 29, 30, 31, 32, 33, 34, 35, 36], \"numberHit\": 22, \"spinCount\": 63}], [{\"ratio\": 3, \"value\": 1, \"affected\": [1, 2, 3, 4, 5, 6, 7, 8, 9, 10, 11, 12], \"numberHit\": 27, \"spinCount\": 65}, {\"ratio\": 3, \"value\": 1, \"affected\": [13, 14, 15, 16, 17, 18, 19, 20, 21, 22, 23, 24], \"numberHit\": 27, \"spinCount\": 65}], [{\"ratio\": 3, \"value\": 3, \"affected\": [1, 2, 3, 4, 5, 6, 7, 8, 9, 10, 11, 12], \"numberHit\": 19, \"spinCount\": 66}, {\"ratio\": 3, \"value\": 3, \"affected\": [13, 14, 15, 16, 17, 18, 19, 20, 21, 22, 23, 24], \"numberHit\": 19, \"spinCount\": 66}], [{\"ratio\": 3, \"value\": 1, \"affected\": [2, 5, 8, 11, 14, 17, 20, 23, 26, 29, 32, 35], \"numberHit\": 10, \"spinCount\": 85}, {\"ratio\": 3, \"value\": 1, \"affected\": [1, 4, 7, 10, 13, 16, 19, 22, 25, 28, 31, 34], \"numberHit\": 10, \"spinCount\": 85}], [{\"ratio\": 2, \"value\": 0.3, \"affected\": [2, 4, 6, 8, 10, 11, 13, 15, 17, 20, 22, 24, 26, 28, 29, 31, 33, 35], \"numberHit\": 12, \"spinCount\": 86}], [{\"ratio\": 2, \"value\": 0.6, \"affected\": [2, 4, 6, 8, 10, 11, 13, 15, 17, 20, 22, 24, 26, 28, 29, 31, 33, 35], \"numberHit\": 9, \"spinCount\": 87}], [{\"ratio\": 2, \"value\": 1.2, \"affected\": [2, 4, 6, 8, 10, 11, 13, 15, 17, 20, 22, 24, 26, 28, 29, 31, 33, 35], \"numberHit\": 24, \"spinCount\": 88}], [{\"ratio\": 3, \"value\": 0.5, \"affected\": [2, 5, 8, 11, 14, 17, 20, 23, 26, 29, 32, 35], \"numberHit\": 2, \"spinCount\": 90}]], \"nums\": [28, 26, 28, 13, 35, 36, 21, 10, 12, 31, 35, 8, 22, 28, 8, 6, 6, 0, 22, 20, 19, 6, 11, 5, 27, 21, 11, 31, 20, 0, 0, 7, 32, 0, 25, 13, 13, 24, 7, 1, 0, 23, 18, 4, 19, 30, 18, 17, 19, 3, 13, 16, 13, 8, 12, 2, 29, 31, 0, 5, 29, 24, 22, 36, 27, 19, 8, 8, 34, 15, 18, 30, 28, 5, 29, 23, 22, 10, 5, 26, 19, 30, 21, 27, 10, 12, 9, 24, 28, 2, 27, 36]}', 30, 80, 3),
(26, 1, 4, '2021-09-30 21:45:12', '{\"bets\": [[{\"ratio\": 2, \"value\": 5, \"affected\": [2, 4, 6, 8, 10, 11, 13, 15, 17, 20, 22, 24, 26, 28, 29, 31, 33, 35], \"numberHit\": 11, \"spinCount\": 19}], [{\"ratio\": 3, \"value\": 5, \"affected\": [2, 5, 8, 11, 14, 17, 20, 23, 26, 29, 32, 35], \"numberHit\": 1, \"spinCount\": 23}, {\"ratio\": 3, \"value\": 5, \"affected\": [1, 4, 7, 10, 13, 16, 19, 22, 25, 28, 31, 34], \"numberHit\": 1, \"spinCount\": 23}], [{\"ratio\": 2, \"value\": 5, \"affected\": [2, 4, 6, 8, 10, 11, 13, 15, 17, 20, 22, 24, 26, 28, 29, 31, 33, 35], \"numberHit\": 1, \"spinCount\": 50}], [{\"ratio\": 2, \"value\": 10, \"affected\": [2, 4, 6, 8, 10, 11, 13, 15, 17, 20, 22, 24, 26, 28, 29, 31, 33, 35], \"numberHit\": 22, \"spinCount\": 51}], [{\"ratio\": 3, \"value\": 5, \"affected\": [3, 6, 9, 12, 15, 18, 21, 24, 27, 30, 33, 36], \"numberHit\": 5, \"spinCount\": 56}, {\"ratio\": 3, \"value\": 5, \"affected\": [2, 5, 8, 11, 14, 17, 20, 23, 26, 29, 32, 35], \"numberHit\": 5, \"spinCount\": 56}]], \"nums\": [9, 23, 15, 0, 14, 25, 3, 15, 0, 25, 24, 32, 17, 30, 36, 19, 12, 25, 11, 31, 5, 18, 1, 25, 35, 16, 11, 18, 27, 34, 36, 15, 31, 0, 31, 23, 30, 24, 20, 31, 22, 21, 0, 25, 32, 21, 12, 25, 0, 1, 22, 8, 23, 1, 34, 5, 6, 8, 18, 33, 10, 30, 6, 25, 23, 34, 13, 26, 0, 22, 31, 0, 4, 10]}', 20, 40, 3),
(27, 1, 4, '2021-10-02 02:58:09', '{\"bets\": [[{\"ratio\": 3, \"value\": 1, \"affected\": [13, 14, 15, 16, 17, 18, 19, 20, 21, 22, 23, 24], \"numberHit\": 13, \"spinCount\": 18}, {\"ratio\": 3, \"value\": 1, \"affected\": [25, 26, 27, 28, 29, 30, 31, 32, 33, 34, 35, 36], \"numberHit\": 13, \"spinCount\": 18}], [{\"ratio\": 3, \"value\": 0.5, \"affected\": [1, 2, 3, 4, 5, 6, 7, 8, 9, 10, 11, 12], \"numberHit\": 30, \"spinCount\": 24}, {\"ratio\": 3, \"value\": 0.5, \"affected\": [25, 26, 27, 28, 29, 30, 31, 32, 33, 34, 35, 36], \"numberHit\": 30, \"spinCount\": 24}], [{\"ratio\": 3, \"value\": 0.5, \"affected\": [1, 2, 3, 4, 5, 6, 7, 8, 9, 10, 11, 12], \"numberHit\": 10, \"spinCount\": 25}, {\"ratio\": 3, \"value\": 0.5, \"affected\": [25, 26, 27, 28, 29, 30, 31, 32, 33, 34, 35, 36], \"numberHit\": 10, \"spinCount\": 25}], [{\"ratio\": 3, \"value\": 0.5, \"affected\": [1, 2, 3, 4, 5, 6, 7, 8, 9, 10, 11, 12], \"numberHit\": 15, \"spinCount\": 26}, {\"ratio\": 3, \"value\": 0.5, \"affected\": [25, 26, 27, 28, 29, 30, 31, 32, 33, 34, 35, 36], \"numberHit\": 15, \"spinCount\": 26}], [{\"ratio\": 3, \"value\": 1.5, \"affected\": [1, 2, 3, 4, 5, 6, 7, 8, 9, 10, 11, 12], \"numberHit\": 1, \"spinCount\": 27}, {\"ratio\": 3, \"value\": 1.5, \"affected\": [25, 26, 27, 28, 29, 30, 31, 32, 33, 34, 35, 36], \"numberHit\": 1, \"spinCount\": 27}], [{\"ratio\": 3, \"value\": 0.5, \"affected\": [13, 14, 15, 16, 17, 18, 19, 20, 21, 22, 23, 24], \"numberHit\": 30, \"spinCount\": 28}, {\"ratio\": 3, \"value\": 0.5, \"affected\": [25, 26, 27, 28, 29, 30, 31, 32, 33, 34, 35, 36], \"numberHit\": 30, \"spinCount\": 28}], [{\"ratio\": 3, \"value\": 0.5, \"affected\": [3, 6, 9, 12, 15, 18, 21, 24, 27, 30, 33, 36], \"numberHit\": 5, \"spinCount\": 29}, {\"ratio\": 3, \"value\": 0.5, \"affected\": [2, 5, 8, 11, 14, 17, 20, 23, 26, 29, 32, 35], \"numberHit\": 5, \"spinCount\": 29}], [{\"ratio\": 3, \"value\": 0.5, \"affected\": [13, 14, 15, 16, 17, 18, 19, 20, 21, 22, 23, 24], \"numberHit\": 21, \"spinCount\": 34}, {\"ratio\": 3, \"value\": 0.5, \"affected\": [25, 26, 27, 28, 29, 30, 31, 32, 33, 34, 35, 36], \"numberHit\": 21, \"spinCount\": 34}], [{\"ratio\": 3, \"value\": 0.5, \"affected\": [13, 14, 15, 16, 17, 18, 19, 20, 21, 22, 23, 24], \"numberHit\": 20, \"spinCount\": 40}, {\"ratio\": 3, \"value\": 0.5, \"affected\": [25, 26, 27, 28, 29, 30, 31, 32, 33, 34, 35, 36], \"numberHit\": 20, \"spinCount\": 40}], [{\"ratio\": 3, \"value\": 0.5, \"affected\": [3, 6, 9, 12, 15, 18, 21, 24, 27, 30, 33, 36], \"numberHit\": 4, \"spinCount\": 45}, {\"ratio\": 3, \"value\": 0.5, \"affected\": [1, 4, 7, 10, 13, 16, 19, 22, 25, 28, 31, 34], \"numberHit\": 4, \"spinCount\": 45}], [{\"ratio\": 3, \"value\": 1, \"affected\": [3, 6, 9, 12, 15, 18, 21, 24, 27, 30, 33, 36], \"numberHit\": 29, \"spinCount\": 46}, {\"ratio\": 3, \"value\": 1, \"affected\": [2, 5, 8, 11, 14, 17, 20, 23, 26, 29, 32, 35], \"numberHit\": 29, \"spinCount\": 46}], [{\"ratio\": 3, \"value\": 0.5, \"affected\": [3, 6, 9, 12, 15, 18, 21, 24, 27, 30, 33, 36], \"numberHit\": 9, \"spinCount\": 47}, {\"ratio\": 3, \"value\": 0.5, \"affected\": [2, 5, 8, 11, 14, 17, 20, 23, 26, 29, 32, 35], \"numberHit\": 9, \"spinCount\": 47}], [{\"ratio\": 2, \"value\": 0.5, \"affected\": [1, 3, 5, 7, 9, 12, 14, 16, 18, 19, 21, 23, 25, 27, 30, 32, 34, 36], \"numberHit\": 8, \"spinCount\": 51}], [{\"ratio\": 2, \"value\": 1, \"affected\": [1, 3, 5, 7, 9, 12, 14, 16, 18, 19, 21, 23, 25, 27, 30, 32, 34, 36], \"numberHit\": 28, \"spinCount\": 52}], [{\"ratio\": 2, \"value\": 2, \"affected\": [1, 3, 5, 7, 9, 12, 14, 16, 18, 19, 21, 23, 25, 27, 30, 32, 34, 36], \"numberHit\": 24, \"spinCount\": 53}], [{\"ratio\": 2, \"value\": 4, \"affected\": [1, 3, 5, 7, 9, 12, 14, 16, 18, 19, 21, 23, 25, 27, 30, 32, 34, 36], \"numberHit\": 23, \"spinCount\": 54}], [{\"ratio\": 2, \"value\": 0.5, \"affected\": [1, 3, 5, 7, 9, 12, 14, 16, 18, 19, 21, 23, 25, 27, 30, 32, 34, 36], \"numberHit\": 16, \"spinCount\": 55}], [{\"ratio\": 3, \"value\": 1, \"affected\": [3, 6, 9, 12, 15, 18, 21, 24, 27, 30, 33, 36], \"numberHit\": 9, \"spinCount\": 57}, {\"ratio\": 3, \"value\": 1, \"affected\": [1, 4, 7, 10, 13, 16, 19, 22, 25, 28, 31, 34], \"numberHit\": 9, \"spinCount\": 57}], [{\"ratio\": 3, \"value\": 0.5, \"affected\": [13, 14, 15, 16, 17, 18, 19, 20, 21, 22, 23, 24], \"numberHit\": 14, \"spinCount\": 58}, {\"ratio\": 3, \"value\": 0.5, \"affected\": [25, 26, 27, 28, 29, 30, 31, 32, 33, 34, 35, 36], \"numberHit\": 14, \"spinCount\": 58}], [{\"ratio\": 3, \"value\": 0.5, \"affected\": [13, 14, 15, 16, 17, 18, 19, 20, 21, 22, 23, 24], \"numberHit\": 21, \"spinCount\": 59}, {\"ratio\": 3, \"value\": 0.5, \"affected\": [25, 26, 27, 28, 29, 30, 31, 32, 33, 34, 35, 36], \"numberHit\": 21, \"spinCount\": 59}], [{\"ratio\": 3, \"value\": 0.5, \"affected\": [3, 6, 9, 12, 15, 18, 21, 24, 27, 30, 33, 36], \"numberHit\": 1, \"spinCount\": 60}, {\"ratio\": 3, \"value\": 0.5, \"affected\": [1, 4, 7, 10, 13, 16, 19, 22, 25, 28, 31, 34], \"numberHit\": 1, \"spinCount\": 60}]], \"nums\": [17, 5, 36, 15, 17, 16, 7, 30, 20, 4, 20, 12, 29, 12, 11, 2, 11, 13, 22, 3, 30, 26, 21, 30, 10, 15, 1, 30, 5, 6, 3, 34, 10, 21, 35, 27, 31, 6, 19, 20, 2, 29, 22, 23, 4, 29, 9, 3, 22, 5, 8, 28, 24, 23, 16, 16, 9, 14, 21, 1]}', 10, 29, 3),
(28, 1, 4, '2021-10-04 03:19:14', '{\"bets\": [[{\"ratio\": 3, \"value\": 0.5, \"affected\": [1, 2, 3, 4, 5, 6, 7, 8, 9, 10, 11, 12], \"numberHit\": 2, \"spinCount\": 8}, {\"ratio\": 3, \"value\": 0.5, \"affected\": [13, 14, 15, 16, 17, 18, 19, 20, 21, 22, 23, 24], \"numberHit\": 2, \"spinCount\": 8}], [{\"ratio\": 3, \"value\": 1.5, \"affected\": [1, 2, 3, 4, 5, 6, 7, 8, 9, 10, 11, 12], \"numberHit\": 11, \"spinCount\": 9}, {\"ratio\": 3, \"value\": 1.5, \"affected\": [13, 14, 15, 16, 17, 18, 19, 20, 21, 22, 23, 24], \"numberHit\": 11, \"spinCount\": 9}], [{\"ratio\": 3, \"value\": 0.5, \"affected\": [13, 14, 15, 16, 17, 18, 19, 20, 21, 22, 23, 24], \"numberHit\": 11, \"spinCount\": 15}, {\"ratio\": 3, \"value\": 0.5, \"affected\": [25, 26, 27, 28, 29, 30, 31, 32, 33, 34, 35, 36], \"numberHit\": 11, \"spinCount\": 15}], [{\"ratio\": 3, \"value\": 1.5, \"affected\": [13, 14, 15, 16, 17, 18, 19, 20, 21, 22, 23, 24], \"numberHit\": 33, \"spinCount\": 16}, {\"ratio\": 3, \"value\": 1.5, \"affected\": [25, 26, 27, 28, 29, 30, 31, 32, 33, 34, 35, 36], \"numberHit\": 33, \"spinCount\": 16}], [{\"ratio\": 3, \"value\": 0.5, \"affected\": [2, 5, 8, 11, 14, 17, 20, 23, 26, 29, 32, 35], \"numberHit\": 32, \"spinCount\": 20}, {\"ratio\": 3, \"value\": 0.5, \"affected\": [1, 4, 7, 10, 13, 16, 19, 22, 25, 28, 31, 34], \"numberHit\": 32, \"spinCount\": 20}], [{\"ratio\": 3, \"value\": 0.5, \"affected\": [3, 6, 9, 12, 15, 18, 21, 24, 27, 30, 33, 36], \"numberHit\": 0, \"spinCount\": 21}, {\"ratio\": 3, \"value\": 0.5, \"affected\": [1, 4, 7, 10, 13, 16, 19, 22, 25, 28, 31, 34], \"numberHit\": 0, \"spinCount\": 21}], [{\"ratio\": 3, \"value\": 1.5, \"affected\": [3, 6, 9, 12, 15, 18, 21, 24, 27, 30, 33, 36], \"numberHit\": 4, \"spinCount\": 22}, {\"ratio\": 3, \"value\": 1.5, \"affected\": [1, 4, 7, 10, 13, 16, 19, 22, 25, 28, 31, 34], \"numberHit\": 4, \"spinCount\": 22}], [{\"ratio\": 2, \"value\": 0.5, \"affected\": [1, 3, 5, 7, 9, 12, 14, 16, 18, 19, 21, 23, 25, 27, 30, 32, 34, 36], \"numberHit\": 12, \"spinCount\": 33}], [{\"ratio\": 2, \"value\": 0.5, \"affected\": [1, 3, 5, 7, 9, 11, 13, 15, 17, 19, 21, 23, 25, 27, 29, 31, 33, 35], \"numberHit\": 22, \"spinCount\": 38}], [{\"ratio\": 2, \"value\": 1, \"affected\": [1, 3, 5, 7, 9, 11, 13, 15, 17, 19, 21, 23, 25, 27, 29, 31, 33, 35], \"numberHit\": 5, \"spinCount\": 39}], [{\"ratio\": 3, \"value\": 5, \"affected\": [1, 4, 7, 10, 13, 16, 19, 22, 25, 28, 31, 34], \"numberHit\": 19, \"spinCount\": 58}], [{\"ratio\": 9, \"value\": 0.5, \"affected\": [29, 32, 28, 31], \"numberHit\": 27, \"spinCount\": 75}], [{\"ratio\": 9, \"value\": 0.5, \"affected\": [29, 32, 28, 31], \"numberHit\": 1, \"spinCount\": 76}], [{\"ratio\": 9, \"value\": 4, \"affected\": [29, 32, 28, 31], \"numberHit\": 31, \"spinCount\": 77}]], \"nums\": [28, 4, 36, 3, 12, 5, 34, 2, 11, 19, 16, 21, 15, 6, 11, 33, 20, 23, 9, 32, 0, 4, 0, 29, 16, 3, 31, 22, 2, 10, 31, 8, 12, 30, 36, 20, 26, 22, 5, 30, 10, 5, 0, 21, 15, 10, 27, 6, 33, 14, 12, 2, 27, 24, 15, 15, 14, 19, 26, 7, 19, 10, 1, 30, 16, 1, 21, 15, 34, 23, 24, 10, 0, 25, 27, 1, 31, 22, 5, 15, 26, 7, 18, 8, 8, 31, 16, 22, 32, 19, 20, 14, 36, 24, 20]}', 46, 25, 3),
(29, 1, 4, '2021-10-05 09:08:52', '{\"bets\": [[{\"ratio\": 3, \"value\": 1.5, \"affected\": [25, 26, 27, 28, 29, 30, 31, 32, 33, 34, 35, 36], \"numberHit\": 25, \"spinCount\": 18}], [{\"ratio\": 2, \"value\": 5, \"affected\": [1, 2, 3, 4, 5, 6, 7, 8, 9, 10, 11, 12, 13, 14, 15, 16, 17, 18], \"numberHit\": 35, \"spinCount\": 41}], [{\"ratio\": 2, \"value\": 10, \"affected\": [1, 2, 3, 4, 5, 6, 7, 8, 9, 10, 11, 12, 13, 14, 15, 16, 17, 18], \"numberHit\": 11, \"spinCount\": 42}], [{\"ratio\": 6, \"value\": 1, \"affected\": [3, 6, 2, 5, 1, 4], \"numberHit\": 28, \"spinCount\": 59}], [{\"ratio\": 6, \"value\": 1.2, \"affected\": [3, 6, 2, 5, 1, 4], \"numberHit\": 5, \"spinCount\": 60}], [{\"ratio\": 2, \"value\": 10, \"affected\": [19, 20, 21, 22, 23, 24, 25, 26, 27, 28, 29, 30, 31, 32, 33, 34, 35, 36], \"numberHit\": 21, \"spinCount\": 66}], [{\"ratio\": 12, \"value\": 0.5, \"affected\": [3, 2, 1], \"numberHit\": 21, \"spinCount\": 70}], [{\"ratio\": 12, \"value\": 0.5, \"affected\": [3, 2, 1], \"numberHit\": 31, \"spinCount\": 71}], [{\"ratio\": 12, \"value\": 0.6, \"affected\": [3, 2, 1], \"numberHit\": 8, \"spinCount\": 72}], [{\"ratio\": 12, \"value\": 0.6, \"affected\": [3, 2, 1], \"numberHit\": 16, \"spinCount\": 73}], [{\"ratio\": 12, \"value\": 0.7, \"affected\": [3, 2, 1], \"numberHit\": 1, \"spinCount\": 74}], [{\"ratio\": 2, \"value\": 5, \"affected\": [2, 4, 6, 8, 10, 11, 13, 15, 17, 20, 22, 24, 26, 28, 29, 31, 33, 35], \"numberHit\": 17, \"spinCount\": 79}]], \"nums\": [27, 8, 32, 15, 20, 26, 16, 8, 9, 16, 24, 10, 9, 2, 16, 23, 18, 25, 35, 24, 29, 21, 8, 32, 5, 11, 13, 30, 35, 16, 21, 4, 12, 18, 29, 0, 24, 25, 22, 35, 35, 11, 35, 36, 23, 15, 11, 18, 28, 0, 7, 28, 11, 8, 8, 36, 15, 22, 28, 5, 12, 8, 6, 0, 14, 21, 16, 29, null, 21, 31, 8, 16, 1, 19, 7, 30, 32, 17, 7, 1, 14, 10, 33, 16, 1, 7]}', 34, 37, 3),
(30, 1, 4, '2021-10-05 18:14:07', '{\"bets\": [[{\"ratio\": 2, \"value\": 1, \"affected\": [19, 20, 21, 22, 23, 24, 25, 26, 27, 28, 29, 30, 31, 32, 33, 34, 35, 36], \"numberHit\": 28, \"spinCount\": 61}], [{\"ratio\": 6, \"value\": 1, \"affected\": [21, 24, 20, 23, 19, 22], \"numberHit\": 10, \"spinCount\": 69}], [{\"ratio\": 6, \"value\": 2, \"affected\": [21, 24, 20, 23, 19, 22], \"numberHit\": 3, \"spinCount\": 71}]], \"nums\": [24, 8, 14, 20, 24, 13, 10, 16, 34, 31, 34, 23, 4, 24, 27, 27, 8, 16, 23, 27, 35, 26, 10, 34, 20, 6, 29, 32, 11, 4, 34, 0, 17, 24, 18, 17, 18, 8, 2, 24, 22, 33, 11, 17, 13, 34, 17, 1, 9, 13, 26, 5, 33, 26, 13, 11, 16, 16, 1, 15, 28, 27, 33, 15, 36, 11, 4, 18, 10, 17, 3, 34, 34, 7, 15, 2, 5, 32, 19]}', -2, 4, 3),
(31, 1, 4, '2021-10-06 04:42:36', '{\"bets\": [[{\"ratio\": 2, \"value\": 5, \"affected\": [19, 20, 21, 22, 23, 24, 25, 26, 27, 28, 29, 30, 31, 32, 33, 34, 35, 36], \"numberHit\": 31, \"spinCount\": 30}], [{\"ratio\": 6, \"value\": 2, \"affected\": [24, 27, 23, 26, 22, 25], \"numberHit\": 11, \"spinCount\": 32}], [{\"ratio\": 6, \"value\": 2.4, \"affected\": [24, 27, 23, 26, 22, 25], \"numberHit\": 8, \"spinCount\": 33}], [{\"ratio\": 6, \"value\": 2.9, \"affected\": [24, 27, 23, 26, 22, 25], \"numberHit\": 11, \"spinCount\": 34}], [{\"ratio\": 6, \"value\": 3.5, \"affected\": [24, 27, 23, 26, 22, 25], \"numberHit\": 1, \"spinCount\": 35}], [{\"ratio\": 6, \"value\": 4.2, \"affected\": [24, 27, 23, 26, 22, 25], \"numberHit\": 5, \"spinCount\": 36}], [{\"ratio\": 6, \"value\": 5, \"affected\": [24, 27, 23, 26, 22, 25], \"numberHit\": 10, \"spinCount\": 37}], [{\"ratio\": 6, \"value\": 6, \"affected\": [24, 27, 23, 26, 22, 25], \"numberHit\": 8, \"spinCount\": 38}], [{\"ratio\": 6, \"value\": 7.2, \"affected\": [24, 27, 23, 26, 22, 25], \"numberHit\": 10, \"spinCount\": 39}], [{\"ratio\": 6, \"value\": 8.7, \"affected\": [24, 27, 23, 26, 22, 25], \"numberHit\": 17, \"spinCount\": 40}], [{\"ratio\": 6, \"value\": 10.4, \"affected\": [24, 27, 23, 26, 22, 25], \"numberHit\": 10, \"spinCount\": 41}], [{\"ratio\": 6, \"value\": 12.5, \"affected\": [24, 27, 23, 26, 22, 25], \"numberHit\": 2, \"spinCount\": 42}], [{\"ratio\": 6, \"value\": 15, \"affected\": [24, 27, 23, 26, 22, 25], \"numberHit\": 17, \"spinCount\": 43}], [{\"ratio\": 6, \"value\": 18, \"affected\": [24, 27, 23, 26, 22, 25], \"numberHit\": 27, \"spinCount\": 44}]], \"nums\": [6, 25, 1, 10, 25, 12, 18, 15, 11, 35, 36, 9, 20, 28, 29, 1, 15, 16, 28, 33, 3, 20, 20, 0, 8, 16, 13, 8, 14, 31, 35, 11, 8, 11, 1, 5, 10, 8, 10, 17, 10, 2, 17, 27]}', 15, 100, 3),
(32, 1, 4, '2021-10-07 01:18:11', '{\"bets\": [[{\"ratio\": 3, \"value\": 2, \"affected\": [25, 26, 27, 28, 29, 30, 31, 32, 33, 34, 35, 36], \"numberHit\": 9, \"spinCount\": 20}], [{\"ratio\": 3, \"value\": 3, \"affected\": [25, 26, 27, 28, 29, 30, 31, 32, 33, 34, 35, 36], \"numberHit\": 23, \"spinCount\": 21}], [{\"ratio\": 3, \"value\": 4.5, \"affected\": [25, 26, 27, 28, 29, 30, 31, 32, 33, 34, 35, 36], \"numberHit\": 22, \"spinCount\": 22}], [{\"ratio\": 3, \"value\": 6.8, \"affected\": [25, 26, 27, 28, 29, 30, 31, 32, 33, 34, 35, 36], \"numberHit\": 22, \"spinCount\": 23}], [{\"ratio\": 3, \"value\": 10.2, \"affected\": [25, 26, 27, 28, 29, 30, 31, 32, 33, 34, 35, 36], \"numberHit\": 3, \"spinCount\": 24}], [{\"ratio\": 3, \"value\": 15.3, \"affected\": [25, 26, 27, 28, 29, 30, 31, 32, 33, 34, 35, 36], \"numberHit\": 15, \"spinCount\": 25}], [{\"ratio\": 3, \"value\": 22.9, \"affected\": [25, 26, 27, 28, 29, 30, 31, 32, 33, 34, 35, 36], \"numberHit\": 30, \"spinCount\": 26}], [{\"ratio\": 3, \"value\": 0.1, \"affected\": [13, 14, 15, 16, 17, 18, 19, 20, 21, 22, 23, 24], \"numberHit\": 31, \"spinCount\": 27}, {\"ratio\": 3, \"value\": 0.1, \"affected\": [25, 26, 27, 28, 29, 30, 31, 32, 33, 34, 35, 36], \"numberHit\": 31, \"spinCount\": 27}], [{\"ratio\": 3, \"value\": 0.5, \"affected\": [1, 2, 3, 4, 5, 6, 7, 8, 9, 10, 11, 12], \"numberHit\": 0, \"spinCount\": 28}, {\"ratio\": 3, \"value\": 0.5, \"affected\": [13, 14, 15, 16, 17, 18, 19, 20, 21, 22, 23, 24], \"numberHit\": 0, \"spinCount\": 28}], [{\"ratio\": 3, \"value\": 1.5, \"affected\": [1, 2, 3, 4, 5, 6, 7, 8, 9, 10, 11, 12], \"numberHit\": 5, \"spinCount\": 29}, {\"ratio\": 3, \"value\": 1.5, \"affected\": [13, 14, 15, 16, 17, 18, 19, 20, 21, 22, 23, 24], \"numberHit\": 5, \"spinCount\": 29}], [{\"ratio\": 3, \"value\": 0.5, \"affected\": [1, 2, 3, 4, 5, 6, 7, 8, 9, 10, 11, 12], \"numberHit\": 25, \"spinCount\": 32}, {\"ratio\": 3, \"value\": 0.5, \"affected\": [13, 14, 15, 16, 17, 18, 19, 20, 21, 22, 23, 24], \"numberHit\": 25, \"spinCount\": 32}], [{\"ratio\": 2, \"value\": 4, \"affected\": [2, 4, 6, 8, 10, 12, 14, 16, 18, 20, 22, 24, 26, 28, 30, 32, 34, 36], \"numberHit\": 31, \"spinCount\": 33}], [{\"ratio\": 2, \"value\": 8, \"affected\": [2, 4, 6, 8, 10, 12, 14, 16, 18, 20, 22, 24, 26, 28, 30, 32, 34, 36], \"numberHit\": 12, \"spinCount\": 34}], [{\"ratio\": 3, \"value\": 2, \"affected\": [13, 14, 15, 16, 17, 18, 19, 20, 21, 22, 23, 24], \"numberHit\": 17, \"spinCount\": 38}], [{\"ratio\": 2, \"value\": 4, \"affected\": [1, 3, 5, 7, 9, 11, 13, 15, 17, 19, 21, 23, 25, 27, 29, 31, 33, 35], \"numberHit\": 11, \"spinCount\": 50}], [{\"ratio\": 2, \"value\": 0.5, \"affected\": [1, 3, 5, 7, 9, 12, 14, 16, 18, 19, 21, 23, 25, 27, 30, 32, 34, 36], \"numberHit\": 14, \"spinCount\": 68}], [{\"ratio\": 3, \"value\": 1, \"affected\": [25, 26, 27, 28, 29, 30, 31, 32, 33, 34, 35, 36], \"numberHit\": 9, \"spinCount\": 87}], [{\"ratio\": 3, \"value\": 1.5, \"affected\": [25, 26, 27, 28, 29, 30, 31, 32, 33, 34, 35, 36], \"numberHit\": 36, \"spinCount\": 88}], [{\"ratio\": 6, \"value\": 0.8, \"affected\": [30, 33, 29, 32, 28, 31], \"numberHit\": 20, \"spinCount\": 98}], [{\"ratio\": 6, \"value\": 1, \"affected\": [30, 33, 29, 32, 28, 31], \"numberHit\": 35, \"spinCount\": 99}], [{\"ratio\": 6, \"value\": 1.2, \"affected\": [30, 33, 29, 32, 28, 31], \"numberHit\": 1, \"spinCount\": 100}], [{\"ratio\": 6, \"value\": 1.4, \"affected\": [30, 33, 29, 32, 28, 31], \"numberHit\": 10, \"spinCount\": 101}, {\"ratio\": 6, \"value\": 0.8, \"affected\": [27, 30, 26, 29, 25, 28], \"numberHit\": 10, \"spinCount\": 101}], [{\"ratio\": 6, \"value\": 1.8, \"affected\": [30, 33, 29, 32, 28, 31], \"numberHit\": 1, \"spinCount\": 102}, {\"ratio\": 6, \"value\": 1, \"affected\": [27, 30, 26, 29, 25, 28], \"numberHit\": 1, \"spinCount\": 102}], [{\"ratio\": 6, \"value\": 2.2, \"affected\": [30, 33, 29, 32, 28, 31], \"numberHit\": 9, \"spinCount\": 103}, {\"ratio\": 6, \"value\": 1.2, \"affected\": [27, 30, 26, 29, 25, 28], \"numberHit\": 9, \"spinCount\": 103}, {\"ratio\": 2, \"value\": 0.1, \"affected\": [19, 20, 21, 22, 23, 24, 25, 26, 27, 28, 29, 30, 31, 32, 33, 34, 35, 36], \"numberHit\": 9, \"spinCount\": 103}], [{\"ratio\": 6, \"value\": 3.1, \"affected\": [30, 33, 29, 32, 28, 31], \"numberHit\": 12, \"spinCount\": 104}, {\"ratio\": 6, \"value\": 1.7, \"affected\": [27, 30, 26, 29, 25, 28], \"numberHit\": 12, \"spinCount\": 104}], [{\"ratio\": 6, \"value\": 4.5, \"affected\": [30, 33, 29, 32, 28, 31], \"numberHit\": 36, \"spinCount\": 105}, {\"ratio\": 6, \"value\": 2.1, \"affected\": [27, 30, 26, 29, 25, 28], \"numberHit\": 36, \"spinCount\": 105}], [{\"ratio\": 6, \"value\": 5.3, \"affected\": [30, 33, 29, 32, 28, 31], \"numberHit\": 17, \"spinCount\": 106}, {\"ratio\": 6, \"value\": 2.5, \"affected\": [27, 30, 26, 29, 25, 28], \"numberHit\": 17, \"spinCount\": 106}], [{\"ratio\": 6, \"value\": 5.3, \"affected\": [30, 33, 29, 32, 28, 31], \"numberHit\": 7, \"spinCount\": 107}, {\"ratio\": 6, \"value\": 2.5, \"affected\": [27, 30, 26, 29, 25, 28], \"numberHit\": 7, \"spinCount\": 107}], [{\"ratio\": 6, \"value\": 8.3, \"affected\": [30, 33, 29, 32, 28, 31], \"numberHit\": 28, \"spinCount\": 108}, {\"ratio\": 6, \"value\": 3.5, \"affected\": [27, 30, 26, 29, 25, 28], \"numberHit\": 28, \"spinCount\": 108}], [{\"ratio\": 9, \"value\": 0.7, \"affected\": [30, 33, 29, 32], \"numberHit\": 12, \"spinCount\": 111}], [{\"ratio\": 9, \"value\": 0.8, \"affected\": [30, 33, 29, 32], \"numberHit\": 19, \"spinCount\": 112}], [{\"ratio\": 9, \"value\": 0.9, \"affected\": [30, 33, 29, 32], \"numberHit\": 17, \"spinCount\": 113}], [{\"ratio\": 9, \"value\": 1, \"affected\": [30, 33, 29, 32], \"numberHit\": 9, \"spinCount\": 114}], [{\"ratio\": 9, \"value\": 1.1, \"affected\": [30, 33, 29, 32], \"numberHit\": 22, \"spinCount\": 115}], [{\"ratio\": 9, \"value\": 1.4, \"affected\": [30, 33, 29, 32], \"numberHit\": 32, \"spinCount\": 116}], [{\"ratio\": 9, \"value\": 0.7, \"affected\": [27, 30, 26, 29], \"numberHit\": 15, \"spinCount\": 119}], [{\"ratio\": 9, \"value\": 0.8, \"affected\": [27, 30, 26, 29], \"numberHit\": 4, \"spinCount\": 120}], [{\"ratio\": 9, \"value\": 1, \"affected\": [27, 30, 26, 29], \"numberHit\": 34, \"spinCount\": 121}], [{\"ratio\": 9, \"value\": 1.1, \"affected\": [27, 30, 26, 29], \"numberHit\": 21, \"spinCount\": 122}], [{\"ratio\": 9, \"value\": 1.2, \"affected\": [27, 30, 26, 29], \"numberHit\": 2, \"spinCount\": 123}], [{\"ratio\": 9, \"value\": 1.4, \"affected\": [27, 30, 26, 29], \"numberHit\": 8, \"spinCount\": 124}]], \"nums\": [31, 4, 36, 14, 21, 8, 21, 28, 18, 16, 2, 3, 0, 23, 20, 10, 19, 21, 10, 9, 23, 22, 22, 3, 15, 30, 31, 0, 5, 31, 29, 25, 31, 12, 29, 12, 35, 17, 14, 15, 36, 8, 17, 28, 14, 24, 0, 34, 6, 11, 21, 33, 24, 12, 20, 23, 3, 32, 28, 8, 35, 19, 6, 17, 15, 8, 31, 14, 30, 29, 2, 1, 27, 6, 35, 10, 9, 22, 5, 17, 16, 0, 19, 23, 6, 24, 9, 36, 8, 20, 14, 23, 22, 14, 19, 20, 15, 20, 35, 1, 10, 1, 9, 12, 36, 17, 7, 28, 16, 28, 12, 19, 17, 9, 22, 32, 5, 7, 15, 4, 34, 21, 2, 8]}', 39, 150, 3),
(33, 1, 4, '2021-10-07 07:27:11', '{\"bets\": [[{\"ratio\": 36, \"value\": 1, \"affected\": [2], \"numberHit\": 28, \"spinCount\": 12}, {\"ratio\": 36, \"value\": 1, \"affected\": [6], \"numberHit\": 28, \"spinCount\": 12}, {\"ratio\": 36, \"value\": 1, \"affected\": [8], \"numberHit\": 28, \"spinCount\": 12}, {\"ratio\": 36, \"value\": 1, \"affected\": [4], \"numberHit\": 28, \"spinCount\": 12}, {\"ratio\": 36, \"value\": 1, \"affected\": [11], \"numberHit\": 28, \"spinCount\": 12}, {\"ratio\": 36, \"value\": 1, \"affected\": [10], \"numberHit\": 28, \"spinCount\": 12}, {\"ratio\": 36, \"value\": 1, \"affected\": [15], \"numberHit\": 28, \"spinCount\": 12}, {\"ratio\": 36, \"value\": 1, \"affected\": [17], \"numberHit\": 28, \"spinCount\": 12}, {\"ratio\": 36, \"value\": 1, \"affected\": [13], \"numberHit\": 28, \"spinCount\": 12}], [{\"ratio\": 2, \"value\": 7, \"affected\": [1, 2, 3, 4, 5, 6, 7, 8, 9, 10, 11, 12, 13, 14, 15, 16, 17, 18], \"numberHit\": 7, \"spinCount\": 13}], [{\"ratio\": 2, \"value\": 2, \"affected\": [1, 3, 5, 7, 9, 12, 14, 16, 18, 19, 21, 23, 25, 27, 30, 32, 34, 36], \"numberHit\": 8, \"spinCount\": 27}], [{\"ratio\": 2, \"value\": 4, \"affected\": [1, 3, 5, 7, 9, 12, 14, 16, 18, 19, 21, 23, 25, 27, 30, 32, 34, 36], \"numberHit\": 10, \"spinCount\": 28}], [{\"ratio\": 2, \"value\": 8, \"affected\": [1, 3, 5, 7, 9, 12, 14, 16, 18, 19, 21, 23, 25, 27, 30, 32, 34, 36], \"numberHit\": 4, \"spinCount\": 29}], [{\"ratio\": 2, \"value\": 16, \"affected\": [1, 3, 5, 7, 9, 12, 14, 16, 18, 19, 21, 23, 25, 27, 30, 32, 34, 36], \"numberHit\": 23, \"spinCount\": 30}], [{\"ratio\": 3, \"value\": 0.5, \"affected\": [1, 2, 3, 4, 5, 6, 7, 8, 9, 10, 11, 12], \"numberHit\": 35, \"spinCount\": 34}, {\"ratio\": 3, \"value\": 0.5, \"affected\": [13, 14, 15, 16, 17, 18, 19, 20, 21, 22, 23, 24], \"numberHit\": 35, \"spinCount\": 34}], [{\"ratio\": 3, \"value\": 1.5, \"affected\": [1, 2, 3, 4, 5, 6, 7, 8, 9, 10, 11, 12], \"numberHit\": 3, \"spinCount\": 35}, {\"ratio\": 3, \"value\": 1.5, \"affected\": [13, 14, 15, 16, 17, 18, 19, 20, 21, 22, 23, 24], \"numberHit\": 3, \"spinCount\": 35}], [{\"ratio\": 3, \"value\": 0.5, \"affected\": [1, 2, 3, 4, 5, 6, 7, 8, 9, 10, 11, 12], \"numberHit\": 19, \"spinCount\": 36}, {\"ratio\": 3, \"value\": 0.5, \"affected\": [13, 14, 15, 16, 17, 18, 19, 20, 21, 22, 23, 24], \"numberHit\": 19, \"spinCount\": 36}], [{\"ratio\": 3, \"value\": 0.5, \"affected\": [1, 2, 3, 4, 5, 6, 7, 8, 9, 10, 11, 12], \"numberHit\": 20, \"spinCount\": 37}, {\"ratio\": 3, \"value\": 0.5, \"affected\": [13, 14, 15, 16, 17, 18, 19, 20, 21, 22, 23, 24], \"numberHit\": 20, \"spinCount\": 37}], [{\"ratio\": 3, \"value\": 0.5, \"affected\": [1, 2, 3, 4, 5, 6, 7, 8, 9, 10, 11, 12], \"numberHit\": 36, \"spinCount\": 38}, {\"ratio\": 3, \"value\": 0.5, \"affected\": [25, 26, 27, 28, 29, 30, 31, 32, 33, 34, 35, 36], \"numberHit\": 36, \"spinCount\": 38}], [{\"ratio\": 3, \"value\": 0.5, \"affected\": [1, 2, 3, 4, 5, 6, 7, 8, 9, 10, 11, 12], \"numberHit\": 33, \"spinCount\": 39}, {\"ratio\": 3, \"value\": 0.5, \"affected\": [13, 14, 15, 16, 17, 18, 19, 20, 21, 22, 23, 24], \"numberHit\": 33, \"spinCount\": 39}], [{\"ratio\": 3, \"value\": 1.5, \"affected\": [1, 2, 3, 4, 5, 6, 7, 8, 9, 10, 11, 12], \"numberHit\": 26, \"spinCount\": 40}, {\"ratio\": 3, \"value\": 1.5, \"affected\": [13, 14, 15, 16, 17, 18, 19, 20, 21, 22, 23, 24], \"numberHit\": 26, \"spinCount\": 40}], [{\"ratio\": 3, \"value\": 4.5, \"affected\": [1, 2, 3, 4, 5, 6, 7, 8, 9, 10, 11, 12], \"numberHit\": 18, \"spinCount\": 41}, {\"ratio\": 3, \"value\": 4.5, \"affected\": [13, 14, 15, 16, 17, 18, 19, 20, 21, 22, 23, 24], \"numberHit\": 18, \"spinCount\": 41}], [{\"ratio\": 3, \"value\": 0.5, \"affected\": [13, 14, 15, 16, 17, 18, 19, 20, 21, 22, 23, 24], \"numberHit\": 6, \"spinCount\": 42}, {\"ratio\": 3, \"value\": 0.5, \"affected\": [25, 26, 27, 28, 29, 30, 31, 32, 33, 34, 35, 36], \"numberHit\": 6, \"spinCount\": 42}], [{\"ratio\": 3, \"value\": 1.5, \"affected\": [13, 14, 15, 16, 17, 18, 19, 20, 21, 22, 23, 24], \"numberHit\": 7, \"spinCount\": 43}, {\"ratio\": 3, \"value\": 1.5, \"affected\": [25, 26, 27, 28, 29, 30, 31, 32, 33, 34, 35, 36], \"numberHit\": 7, \"spinCount\": 43}], [{\"ratio\": 3, \"value\": 0.5, \"affected\": [1, 2, 3, 4, 5, 6, 7, 8, 9, 10, 11, 12], \"numberHit\": 30, \"spinCount\": 49}, {\"ratio\": 3, \"value\": 0.5, \"affected\": [13, 14, 15, 16, 17, 18, 19, 20, 21, 22, 23, 24], \"numberHit\": 30, \"spinCount\": 49}], [{\"ratio\": 3, \"value\": 1.5, \"affected\": [1, 2, 3, 4, 5, 6, 7, 8, 9, 10, 11, 12], \"numberHit\": 35, \"spinCount\": 50}, {\"ratio\": 3, \"value\": 1.5, \"affected\": [13, 14, 15, 16, 17, 18, 19, 20, 21, 22, 23, 24], \"numberHit\": 35, \"spinCount\": 50}], [{\"ratio\": 3, \"value\": 4.5, \"affected\": [1, 2, 3, 4, 5, 6, 7, 8, 9, 10, 11, 12], \"numberHit\": 8, \"spinCount\": 51}, {\"ratio\": 3, \"value\": 4.5, \"affected\": [13, 14, 15, 16, 17, 18, 19, 20, 21, 22, 23, 24], \"numberHit\": 8, \"spinCount\": 51}], [{\"ratio\": 3, \"value\": 0.5, \"affected\": [13, 14, 15, 16, 17, 18, 19, 20, 21, 22, 23, 24], \"numberHit\": 26, \"spinCount\": 52}, {\"ratio\": 3, \"value\": 0.5, \"affected\": [25, 26, 27, 28, 29, 30, 31, 32, 33, 34, 35, 36], \"numberHit\": 26, \"spinCount\": 52}], [{\"ratio\": 3, \"value\": 0.5, \"affected\": [3, 6, 9, 12, 15, 18, 21, 24, 27, 30, 33, 36], \"numberHit\": 11, \"spinCount\": 53}, {\"ratio\": 3, \"value\": 0.5, \"affected\": [1, 4, 7, 10, 13, 16, 19, 22, 25, 28, 31, 34], \"numberHit\": 11, \"spinCount\": 53}], [{\"ratio\": 3, \"value\": 1.5, \"affected\": [3, 6, 9, 12, 15, 18, 21, 24, 27, 30, 33, 36], \"numberHit\": 8, \"spinCount\": 54}, {\"ratio\": 3, \"value\": 1.5, \"affected\": [1, 4, 7, 10, 13, 16, 19, 22, 25, 28, 31, 34], \"numberHit\": 8, \"spinCount\": 54}], [{\"ratio\": 3, \"value\": 4.5, \"affected\": [3, 6, 9, 12, 15, 18, 21, 24, 27, 30, 33, 36], \"numberHit\": 33, \"spinCount\": 55}, {\"ratio\": 3, \"value\": 4.5, \"affected\": [1, 4, 7, 10, 13, 16, 19, 22, 25, 28, 31, 34], \"numberHit\": 33, \"spinCount\": 55}], [{\"ratio\": 2, \"value\": 2, \"affected\": [1, 3, 5, 7, 9, 12, 14, 16, 18, 19, 21, 23, 25, 27, 30, 32, 34, 36], \"numberHit\": 30, \"spinCount\": 56}], [{\"ratio\": 3, \"value\": 1, \"affected\": [1, 4, 7, 10, 13, 16, 19, 22, 25, 28, 31, 34], \"numberHit\": 31, \"spinCount\": 59}], [{\"ratio\": 3, \"value\": 0.5, \"affected\": [1, 2, 3, 4, 5, 6, 7, 8, 9, 10, 11, 12], \"numberHit\": 27, \"spinCount\": 63}, {\"ratio\": 3, \"value\": 0.5, \"affected\": [13, 14, 15, 16, 17, 18, 19, 20, 21, 22, 23, 24], \"numberHit\": 27, \"spinCount\": 63}], [{\"ratio\": 3, \"value\": 1.5, \"affected\": [1, 2, 3, 4, 5, 6, 7, 8, 9, 10, 11, 12], \"numberHit\": 21, \"spinCount\": 64}, {\"ratio\": 3, \"value\": 1.5, \"affected\": [13, 14, 15, 16, 17, 18, 19, 20, 21, 22, 23, 24], \"numberHit\": 21, \"spinCount\": 64}], [{\"ratio\": 3, \"value\": 0.5, \"affected\": [3, 6, 9, 12, 15, 18, 21, 24, 27, 30, 33, 36], \"numberHit\": 27, \"spinCount\": 71}, {\"ratio\": 3, \"value\": 0.5, \"affected\": [2, 5, 8, 11, 14, 17, 20, 23, 26, 29, 32, 35], \"numberHit\": 27, \"spinCount\": 71}], [{\"ratio\": 3, \"value\": 0.5, \"affected\": [3, 6, 9, 12, 15, 18, 21, 24, 27, 30, 33, 36], \"numberHit\": 30, \"spinCount\": 74}, {\"ratio\": 3, \"value\": 0.5, \"affected\": [2, 5, 8, 11, 14, 17, 20, 23, 26, 29, 32, 35], \"numberHit\": 30, \"spinCount\": 74}], [{\"ratio\": 3, \"value\": 0.5, \"affected\": [2, 5, 8, 11, 14, 17, 20, 23, 26, 29, 32, 35], \"numberHit\": 33, \"spinCount\": 75}, {\"ratio\": 3, \"value\": 0.5, \"affected\": [1, 4, 7, 10, 13, 16, 19, 22, 25, 28, 31, 34], \"numberHit\": 33, \"spinCount\": 75}], [{\"ratio\": 3, \"value\": 1.5, \"affected\": [2, 5, 8, 11, 14, 17, 20, 23, 26, 29, 32, 35], \"numberHit\": 12, \"spinCount\": 76}, {\"ratio\": 3, \"value\": 1.5, \"affected\": [1, 4, 7, 10, 13, 16, 19, 22, 25, 28, 31, 34], \"numberHit\": 12, \"spinCount\": 76}], [{\"ratio\": 3, \"value\": 4.5, \"affected\": [2, 5, 8, 11, 14, 17, 20, 23, 26, 29, 32, 35], \"numberHit\": 3, \"spinCount\": 77}, {\"ratio\": 3, \"value\": 4.5, \"affected\": [1, 4, 7, 10, 13, 16, 19, 22, 25, 28, 31, 34], \"numberHit\": 3, \"spinCount\": 77}], [{\"ratio\": 3, \"value\": 5, \"affected\": [3, 6, 9, 12, 15, 18, 21, 24, 27, 30, 33, 36], \"numberHit\": 34, \"spinCount\": 80}, {\"ratio\": 3, \"value\": 5, \"affected\": [1, 4, 7, 10, 13, 16, 19, 22, 25, 28, 31, 34], \"numberHit\": 34, \"spinCount\": 80}], [{\"ratio\": 3, \"value\": 1.5, \"affected\": [13, 14, 15, 16, 17, 18, 19, 20, 21, 22, 23, 24], \"numberHit\": 31, \"spinCount\": 82}], [{\"ratio\": 3, \"value\": 2.3, \"affected\": [13, 14, 15, 16, 17, 18, 19, 20, 21, 22, 23, 24], \"numberHit\": 36, \"spinCount\": 83}], [{\"ratio\": 3, \"value\": 3.4, \"affected\": [13, 14, 15, 16, 17, 18, 19, 20, 21, 22, 23, 24], \"numberHit\": 4, \"spinCount\": 84}], [{\"ratio\": 3, \"value\": 5.1, \"affected\": [13, 14, 15, 16, 17, 18, 19, 20, 21, 22, 23, 24], \"numberHit\": 18, \"spinCount\": 85}], [{\"ratio\": 3, \"value\": 0.5, \"affected\": [3, 6, 9, 12, 15, 18, 21, 24, 27, 30, 33, 36], \"numberHit\": 18, \"spinCount\": 87}, {\"ratio\": 3, \"value\": 0.5, \"affected\": [1, 4, 7, 10, 13, 16, 19, 22, 25, 28, 31, 34], \"numberHit\": 18, \"spinCount\": 87}], [{\"ratio\": 3, \"value\": 1, \"affected\": [3, 6, 9, 12, 15, 18, 21, 24, 27, 30, 33, 36], \"numberHit\": 7, \"spinCount\": 88}, {\"ratio\": 3, \"value\": 1, \"affected\": [1, 4, 7, 10, 13, 16, 19, 22, 25, 28, 31, 34], \"numberHit\": 7, \"spinCount\": 88}], [{\"ratio\": 3, \"value\": 1, \"affected\": [3, 6, 9, 12, 15, 18, 21, 24, 27, 30, 33, 36], \"numberHit\": 15, \"spinCount\": 89}, {\"ratio\": 3, \"value\": 1, \"affected\": [1, 4, 7, 10, 13, 16, 19, 22, 25, 28, 31, 34], \"numberHit\": 15, \"spinCount\": 89}], [{\"ratio\": 2, \"value\": 2, \"affected\": [19, 20, 21, 22, 23, 24, 25, 26, 27, 28, 29, 30, 31, 32, 33, 34, 35, 36], \"numberHit\": 23, \"spinCount\": 90}], [{\"ratio\": 3, \"value\": 1, \"affected\": [1, 2, 3, 4, 5, 6, 7, 8, 9, 10, 11, 12], \"numberHit\": 23, \"spinCount\": 91}, {\"ratio\": 3, \"value\": 1, \"affected\": [13, 14, 15, 16, 17, 18, 19, 20, 21, 22, 23, 24], \"numberHit\": 23, \"spinCount\": 91}], [{\"ratio\": 3, \"value\": 1, \"affected\": [1, 2, 3, 4, 5, 6, 7, 8, 9, 10, 11, 12], \"numberHit\": 16, \"spinCount\": 92}, {\"ratio\": 3, \"value\": 1, \"affected\": [25, 26, 27, 28, 29, 30, 31, 32, 33, 34, 35, 36], \"numberHit\": 16, \"spinCount\": 92}], [{\"ratio\": 3, \"value\": 3, \"affected\": [1, 2, 3, 4, 5, 6, 7, 8, 9, 10, 11, 12], \"numberHit\": 6, \"spinCount\": 93}, {\"ratio\": 3, \"value\": 3, \"affected\": [25, 26, 27, 28, 29, 30, 31, 32, 33, 34, 35, 36], \"numberHit\": 6, \"spinCount\": 93}], [{\"ratio\": 9, \"value\": 0.7, \"affected\": [26, 29, 25, 28], \"numberHit\": 33, \"spinCount\": 95}], [{\"ratio\": 9, \"value\": 0.8, \"affected\": [26, 29, 25, 28], \"numberHit\": 6, \"spinCount\": 96}], [{\"ratio\": 9, \"value\": 0.9, \"affected\": [26, 29, 25, 28], \"numberHit\": 6, \"spinCount\": 97}], [{\"ratio\": 9, \"value\": 1, \"affected\": [26, 29, 25, 28], \"numberHit\": 5, \"spinCount\": 98}], [{\"ratio\": 9, \"value\": 1.1, \"affected\": [26, 29, 25, 28], \"numberHit\": 22, \"spinCount\": 99}], [{\"ratio\": 9, \"value\": 1.2, \"affected\": [26, 29, 25, 28], \"numberHit\": 24, \"spinCount\": 100}], [{\"ratio\": 9, \"value\": 1.4, \"affected\": [26, 29, 25, 28], \"numberHit\": 4, \"spinCount\": 101}], [{\"ratio\": 9, \"value\": 1.6, \"affected\": [26, 29, 25, 28], \"numberHit\": 13, \"spinCount\": 102}], [{\"ratio\": 9, \"value\": 1.8, \"affected\": [26, 29, 25, 28], \"numberHit\": 4, \"spinCount\": 103}], [{\"ratio\": 9, \"value\": 2, \"affected\": [26, 29, 25, 28], \"numberHit\": 26, \"spinCount\": 104}], [{\"ratio\": 2, \"value\": 0.4, \"affected\": [1, 3, 5, 7, 9, 12, 14, 16, 18, 19, 21, 23, 25, 27, 30, 32, 34, 36], \"numberHit\": 28, \"spinCount\": 106}], [{\"ratio\": 2, \"value\": 0.8, \"affected\": [1, 3, 5, 7, 9, 12, 14, 16, 18, 19, 21, 23, 25, 27, 30, 32, 34, 36], \"numberHit\": 36, \"spinCount\": 107}], [{\"ratio\": 2, \"value\": 0.5, \"affected\": [2, 4, 6, 8, 10, 11, 13, 15, 17, 20, 22, 24, 26, 28, 29, 31, 33, 35], \"numberHit\": 24, \"spinCount\": 108}]], \"nums\": [7, 34, 21, 27, 13, 34, 19, 23, 21, 36, 0, 28, 7, 8, 18, 10, 35, 12, 15, 28, 5, 33, 4, 4, 11, 24, 8, 10, 4, 23, 16, 15, 17, 35, 3, 19, 20, 36, 33, 26, 18, 6, 7, 31, 12, 30, 22, 5, 30, 35, 8, 26, 11, 8, 33, 30, 14, 18, 31, 6, 16, 31, 27, 21, 31, 11, 4, 19, 16, 16, 27, 6, 5, 30, 33, 12, 3, 32, 8, 34, 5, 31, 36, 4, 18, 2, 18, 7, 15, 23, 23, 16, 6, 19, 33, 6, 6, 5, 22, 24, 4, 13, 4, 26, 17, 28, 36, 24]}', 13, 170, 3),
(34, 1, 4, '2021-10-09 20:05:59', '{\"bets\": [[{\"ratio\": 2, \"value\": 5, \"affected\": [1, 3, 5, 7, 9, 12, 14, 16, 18, 19, 21, 23, 25, 27, 30, 32, 34, 36], \"numberHit\": 35, \"spinCount\": 64}], [{\"ratio\": 2, \"value\": 15, \"affected\": [1, 3, 5, 7, 9, 12, 14, 16, 18, 19, 21, 23, 25, 27, 30, 32, 34, 36], \"numberHit\": 11, \"spinCount\": 65}], [{\"ratio\": 2, \"value\": 30, \"affected\": [1, 3, 5, 7, 9, 12, 14, 16, 18, 19, 21, 23, 25, 27, 30, 32, 34, 36], \"numberHit\": 7, \"spinCount\": 66}], [{\"ratio\": 3, \"value\": 5, \"affected\": [13, 14, 15, 16, 17, 18, 19, 20, 21, 22, 23, 24], \"numberHit\": 32, \"spinCount\": 69}, {\"ratio\": 3, \"value\": 5, \"affected\": [25, 26, 27, 28, 29, 30, 31, 32, 33, 34, 35, 36], \"numberHit\": 32, \"spinCount\": 69}]], \"nums\": [6, 11, 16, 24, 11, 31, 35, 29, 27, 10, 32, 31, 18, 33, 5, 33, 10, 6, 6, 34, 12, 27, 2, 33, 18, 13, 20, 16, 27, 26, 25, 11, 14, 21, 36, 8, 17, 12, 28, 4, 22, 34, 28, 33, 17, 24, 24, 34, 34, 29, 36, 9, 12, 0, 25, 20, 5, 27, 13, 29, 20, 24, 17, 35, 11, 7, 4, 12, 32]}', 15, 60, 3),
(35, 1, 4, '2021-10-09 21:01:26', '{\"bets\": [[{\"ratio\": 3, \"value\": 5, \"affected\": [3, 6, 9, 12, 15, 18, 21, 24, 27, 30, 33, 36], \"numberHit\": 1, \"spinCount\": 9}, {\"ratio\": 3, \"value\": 5, \"affected\": [2, 5, 8, 11, 14, 17, 20, 23, 26, 29, 32, 35], \"numberHit\": 1, \"spinCount\": 9}], [{\"ratio\": 3, \"value\": 15, \"affected\": [3, 6, 9, 12, 15, 18, 21, 24, 27, 30, 33, 36], \"numberHit\": 9, \"spinCount\": 10}, {\"ratio\": 3, \"value\": 15, \"affected\": [2, 5, 8, 11, 14, 17, 20, 23, 26, 29, 32, 35], \"numberHit\": 9, \"spinCount\": 10}], [{\"ratio\": 3, \"value\": 5, \"affected\": [3, 6, 9, 12, 15, 18, 21, 24, 27, 30, 33, 36], \"numberHit\": 23, \"spinCount\": 17}, {\"ratio\": 3, \"value\": 5, \"affected\": [2, 5, 8, 11, 14, 17, 20, 23, 26, 29, 32, 35], \"numberHit\": 23, \"spinCount\": 17}], [{\"ratio\": 2, \"value\": 5, \"affected\": [2, 4, 6, 8, 10, 11, 13, 15, 17, 20, 22, 24, 26, 28, 29, 31, 33, 35], \"numberHit\": 28, \"spinCount\": 20}], [{\"ratio\": 2, \"value\": 5, \"affected\": [2, 4, 6, 8, 10, 11, 13, 15, 17, 20, 22, 24, 26, 28, 29, 31, 33, 35], \"numberHit\": 18, \"spinCount\": 59}], [{\"ratio\": 2, \"value\": 10, \"affected\": [2, 4, 6, 8, 10, 11, 13, 15, 17, 20, 22, 24, 26, 28, 29, 31, 33, 35], \"numberHit\": 36, \"spinCount\": 60}], [{\"ratio\": 2, \"value\": 20, \"affected\": [2, 4, 6, 8, 10, 11, 13, 15, 17, 20, 22, 24, 26, 28, 29, 31, 33, 35], \"numberHit\": 14, \"spinCount\": 61}], [{\"ratio\": 9, \"value\": 5, \"affected\": [27, 30, 26, 29], \"numberHit\": 13, \"spinCount\": 66}], [{\"ratio\": 9, \"value\": 5, \"affected\": [27, 30, 26, 29], \"numberHit\": 29, \"spinCount\": 67}], [{\"ratio\": 2, \"value\": 5, \"affected\": [1, 3, 5, 7, 9, 12, 14, 16, 18, 19, 21, 23, 25, 27, 30, 32, 34, 36], \"numberHit\": 17, \"spinCount\": 69}], [{\"ratio\": 2, \"value\": 10, \"affected\": [1, 3, 5, 7, 9, 12, 14, 16, 18, 19, 21, 23, 25, 27, 30, 32, 34, 36], \"numberHit\": 31, \"spinCount\": 70}], [{\"ratio\": 2, \"value\": 20, \"affected\": [1, 3, 5, 7, 9, 12, 14, 16, 18, 19, 21, 23, 25, 27, 30, 32, 34, 36], \"numberHit\": 22, \"spinCount\": 71}], [{\"ratio\": 2, \"value\": 40, \"affected\": [1, 3, 5, 7, 9, 12, 14, 16, 18, 19, 21, 23, 25, 27, 30, 32, 34, 36], \"numberHit\": 25, \"spinCount\": 72}]], \"nums\": [17, 30, 10, 19, 24, 7, 24, 4, 1, 9, 26, 3, 6, 4, 36, 7, 23, 25, 21, 28, 28, 8, 23, 13, 29, 9, 15, 9, 4, 1, 23, 35, 21, 33, 16, 8, 13, 21, 5, 7, 6, 11, 2, 35, 28, 16, 24, 7, 13, 15, 31, 36, 11, 16, 7, 34, 32, 13, 18, 36, 14, 5, 21, 16, 10, 13, 29, 24, 17, 31, 22, 25, 22, 17, 20, 23, 17, 24, 7, 26, 17, 17, 34]}', 20, 180, 3),
(36, 1, 4, '2021-11-07 02:29:42', '{\"bets\": [[{\"ratio\": 2, \"value\": 1, \"affected\": [2, 4, 6, 8, 10, 11, 13, 15, 17, 20, 22, 24, 26, 28, 29, 31, 33, 35], \"numberHit\": 25, \"spinCount\": 16}], [{\"ratio\": 2, \"value\": 2, \"affected\": [2, 4, 6, 8, 10, 11, 13, 15, 17, 20, 22, 24, 26, 28, 29, 31, 33, 35], \"numberHit\": 3, \"spinCount\": 17}], [{\"ratio\": 2, \"value\": 8, \"affected\": [2, 4, 6, 8, 10, 11, 13, 15, 17, 20, 22, 24, 26, 28, 29, 31, 33, 35], \"numberHit\": 18, \"spinCount\": 18}], [{\"ratio\": 2, \"value\": 11, \"affected\": [2, 4, 6, 8, 10, 11, 13, 15, 17, 20, 22, 24, 26, 28, 29, 31, 33, 35], \"numberHit\": 10, \"spinCount\": 19}], [{\"ratio\": 2, \"value\": 2, \"affected\": [1, 3, 5, 7, 9, 11, 13, 15, 17, 19, 21, 23, 25, 27, 29, 31, 33, 35], \"numberHit\": 13, \"spinCount\": 24}], [{\"ratio\": 2, \"value\": 23, \"affected\": [2, 4, 6, 8, 10, 12, 14, 16, 18, 20, 22, 24, 26, 28, 30, 32, 34, 36], \"numberHit\": 33, \"spinCount\": 35}], [{\"ratio\": 2, \"value\": 1, \"affected\": [2, 4, 6, 8, 10, 12, 14, 16, 18, 20, 22, 24, 26, 28, 30, 32, 34, 36], \"numberHit\": 26, \"spinCount\": 36}], [{\"ratio\": 2, \"value\": 2, \"affected\": [2, 4, 6, 8, 10, 12, 14, 16, 18, 20, 22, 24, 26, 28, 30, 32, 34, 36], \"numberHit\": 22, \"spinCount\": 37}], [{\"ratio\": 2, \"value\": 2, \"affected\": [2, 4, 6, 8, 10, 12, 14, 16, 18, 20, 22, 24, 26, 28, 30, 32, 34, 36], \"numberHit\": 21, \"spinCount\": 39}], [{\"ratio\": 6, \"value\": 2, \"affected\": [3, 6, 2, 5, 1, 4], \"numberHit\": 31, \"spinCount\": 40}]], \"nums\": [5, 26, 0, 25, 24, 19, 2, 24, 28, 5, 23, 7, 32, 0, 9, 25, 3, 18, 10, 18, 30, 16, 2, 13, 30, 31, 11, 23, 13, 27, 7, 11, 31, 21, 33, 26, 22, 25, 21, 31, 23, 23, 18, 32, 3]}', -22, 54, 3),
(37, 2, 4, '2021-11-07 03:39:47', '{\"bets\": [[{\"ratio\": 3, \"value\": 0.2, \"affected\": [1, 4, 7, 10, 13, 16, 19, 22, 25, 28, 31, 34], \"numberHit\": 23, \"spinCount\": 16}], [{\"ratio\": 3, \"value\": 0.2, \"affected\": [1, 4, 7, 10, 13, 16, 19, 22, 25, 28, 31, 34], \"numberHit\": 30, \"spinCount\": 17}], [{\"ratio\": 3, \"value\": 0.8, \"affected\": [1, 4, 7, 10, 13, 16, 19, 22, 25, 28, 31, 34], \"numberHit\": 27, \"spinCount\": 18}], [{\"ratio\": 3, \"value\": 1.6, \"affected\": [1, 4, 7, 10, 13, 16, 19, 22, 25, 28, 31, 34], \"numberHit\": 30, \"spinCount\": 19}], [{\"ratio\": 3, \"value\": 2.2, \"affected\": [1, 4, 7, 10, 13, 16, 19, 22, 25, 28, 31, 34], \"numberHit\": 21, \"spinCount\": 20}]], \"nums\": [5, 13, 29, 28, 17, 36, 14, 11, 6, 32, 2, 35, 35, 23, 20, 23, 30, 27, 30, 21, 3, 0, 31]}', -5, 5, 3);

-- --------------------------------------------------------

--
-- Table structure for table `games`
--

DROP TABLE IF EXISTS `games`;
CREATE TABLE IF NOT EXISTS `games` (
  `id` int(11) NOT NULL AUTO_INCREMENT,
  `name` varchar(60) NOT NULL,
  `table_type` varchar(20) NOT NULL,
  `vendor` varchar(60) NOT NULL,
  `thumbnail` varchar(120) NOT NULL,
  `wheel_type` varchar(60) NOT NULL,
  `free_to_spin` tinyint(1) NOT NULL,
  `min_bet` double NOT NULL,
  `chip_values` varchar(220) NOT NULL,
  `max_bet2` double NOT NULL,
  `max_bet1` double NOT NULL,
  `max_bet5` double NOT NULL,
  `max_bet6` double NOT NULL,
  `max_bet8` double NOT NULL,
  `max_bet11` double NOT NULL,
  `max_bet17` double NOT NULL,
  `max_bet35` double NOT NULL,
  `table_max` double NOT NULL,
  PRIMARY KEY (`id`)
) ENGINE=MyISAM AUTO_INCREMENT=32 DEFAULT CHARSET=latin1;

--
-- Dumping data for table `games`
--

INSERT INTO `games` (`id`, `name`, `table_type`, `vendor`, `thumbnail`, `wheel_type`, `free_to_spin`, `min_bet`, `chip_values`, `max_bet2`, `max_bet1`, `max_bet5`, `max_bet6`, `max_bet8`, `max_bet11`, `max_bet17`, `max_bet35`, `table_max`) VALUES
(1, 'European Roulette', 'european', 'Net Int', 'europeanNetInt.png', 'rng', 1, 0.1, '.1,.5,1,5,10,25,50,100,500,1000', 1200, 2000, 600, 0, 400, 300, 200, 100, 5000),
(2, 'French Roulette', 'european', 'Net Int', 'frenchNetInt.png', 'rng', 1, 0.1, '.1,.5,1,5,10,25,50,100,500,1000', 1200, 2000, 600, 0, 400, 300, 200, 100, 5000),
(3, 'roulette live', 'american', 'evolution', 'americanLiveEvolution.png', 'live', 1, 0.5, '.5,1,5,25,100,500', 6000, 10000, 3000, 2000, 2000, 1500, 1000, 500, 10000),
(4, 'first person roulette', 'european', 'evolution', 'fpRouletteEvolution.png', 'rng', 0, 0.2, '.2,.5,1,5,25,100', 6000, 10000, 3000, 0, 2000, 1500, 1000, 500, 250000),
(5, 'lightning roulette', 'european', 'evolution', 'fpLightningEvolution.png', 'rng', 0, 0.2, '.2,5,1,5,25,100', 6000, 10000, 3000, 0, 2000, 1500, 1000, 500, 250000),
(6, 'american roulette', 'american', 'sg digital', 'americanSgDigital.png', 'rng', 0, 0.1, '.1,.5,1,2,5,10,25,50,100,500,1000', 1200, 2000, 300, 500, 400, 300, 200, 100, 5000),
(7, 'american roulette1', 'american', 'Net Int', 'americanNetInt.png', 'rng', 1, 0.1, '.1,.5,1,2,5,10,25,50,100,500,1000', 1200, 2000, 600, 500, 400, 300, 200, 100, 5000),
(8, 'auto roulette live', 'american', 'evolution', 'americanAutoSq.jpg', 'slingshot', 1, 0.1, '.1,.5,1,5,25,100', 6000, 10000, 3000, 2000, 2000, 1500, 1000, 500, 10000),
(16, 'blacknyellow', 'european', 'win studios', 'blackNyellowSq.jpg', 'rng', 1, 0.2, '.2,1,5,25,100,500', 3000, 4500, 1500, 0, 1000, 750, 500, 250, 4500),
(17, 'european roulette pro', 'european', 'win studios', 'eurpoeanProSq.jpg', 'rng', 1, 0.2, '.2,1,5,25,100,500', 3000, 4500, 1500, 0, 1000, 750, 500, 250, 4500),
(29, 'European Roulette', 'european', 'Net Int', 'europeanNetInt.png', 'rng', 1, 1, '1,2,5,10,25,50,100,500', 1200, 2000, 600, 0, 400, 300, 200, 100, 5000),
(30, 'French Roulette', 'european', 'Net Int', 'frenchNetInt.png', 'rng', 1, 1, '1,2,5,10,25,50,100,500', 1200, 2000, 600, 0, 400, 300, 200, 100, 5000);

-- --------------------------------------------------------

--
-- Table structure for table `logs`
--

DROP TABLE IF EXISTS `logs`;
CREATE TABLE IF NOT EXISTS `logs` (
  `id` int(11) UNSIGNED NOT NULL AUTO_INCREMENT,
  `Message` varchar(128) DEFAULT NULL,
  `TimeStamp` timestamp NOT NULL DEFAULT CURRENT_TIMESTAMP,
  `Data` longtext,
  `Session_id` varchar(64) NOT NULL,
  PRIMARY KEY (`id`)
) ENGINE=InnoDB DEFAULT CHARSET=latin1;

-- --------------------------------------------------------

--
-- Table structure for table `user`
--

DROP TABLE IF EXISTS `user`;
CREATE TABLE IF NOT EXISTS `user` (
  `id` bigint(20) UNSIGNED NOT NULL AUTO_INCREMENT,
  `user_name` varchar(60) NOT NULL,
  `user_password` varchar(60) NOT NULL,
  `type` int(10) UNSIGNED NOT NULL,
  `email_validated` tinyint(1) NOT NULL DEFAULT '0',
  PRIMARY KEY (`id`)
) ENGINE=InnoDB AUTO_INCREMENT=6 DEFAULT CHARSET=latin1;

--
-- Dumping data for table `user`
--

INSERT INTO `user` (`id`, `user_name`, `user_password`, `type`, `email_validated`) VALUES
(1, 'root', 'e38c8c5d368654654791816e2a911d02', 1, 1),
(5, 'user3bss@mail.com', '7b8eb3c8d9ce7b0765064bf554d70b71', 0, 1);

-- --------------------------------------------------------

--
-- Table structure for table `user_sessions`
--

DROP TABLE IF EXISTS `user_sessions`;
CREATE TABLE IF NOT EXISTS `user_sessions` (
  `id` varchar(40) NOT NULL DEFAULT '0',
  `ip_address` varchar(45) NOT NULL DEFAULT '0',
  `user_agent` varchar(120) NOT NULL,
  `last_activity` int(10) UNSIGNED NOT NULL DEFAULT '0',
  `user_id` int(10) NOT NULL,
  PRIMARY KEY (`id`)
) ENGINE=InnoDB DEFAULT CHARSET=latin1;
COMMIT;

/*!40101 SET CHARACTER_SET_CLIENT=@OLD_CHARACTER_SET_CLIENT */;
/*!40101 SET CHARACTER_SET_RESULTS=@OLD_CHARACTER_SET_RESULTS */;
/*!40101 SET COLLATION_CONNECTION=@OLD_COLLATION_CONNECTION */;
